contentsid,원본_title,원본_유형,원본_도로명,원본_지번,원본_위도,원본_경도,원본_전화,원본_tag,match_status,match_step,match_message,match_distance_m,matched_site,matched_site_url,naver_map_url,naver_place_home_url,naver_place_id,naver_name,naver_category,naver_micro_reviews,naver_road_address,naver_jibun_address,naver_directions,naver_phone,naver_homepage,naver_lat,naver_lng,naver_hours,naver_hours_status,naver_hours_note,naver_hours_days_json,naver_hours_raw,naver_conveniences,naver_description,naver_ai_briefing,naver_insights_raw,naver_popular_menus,naver_peak_hours,naver_visitor_hours,naver_avg_pay,naver_menus,keywords,keywords_json,keywords_source_json,tried_queries,naver_wait_status,naver_news,naver_booking,naver_visitor_keywords,naver_info_sections
CNTS_200000000014920,돌담흑돼지 연동 본점,음식점,제주특별자치도 제주시 연동7길 35 2층,제주특별자치도 제주시 연동 273-35 2층,33.486769,126.4908622,0507-1389-6090,"제주시내, 연동, 흑돼지, 근고기, 삼겹살, 가브리살, 항정살",success,2_address_match,주소일치(exact_or_contains) query=돌담흑돼지 연동 본점,4.5,naver_place,https://map.naver.com/p/entry/place/1766357276,https://map.naver.com/p/entry/place/1766357276,https://pcmap.place.naver.com/place/1766357276/home,1766357276,돌담흑돼지 연동 본점,돼지고기구이,제주도민의 찐맛집 인정,제주 제주시 연동7길 35 2층 돌담흑돼지,제주 제주시 연동 273-35,"버스 이용 시 | - 315,316,365,465,466번(노형, 연동방면) 탑승하셔서 은남동[북]에서 하차하신 후, 신라스테이 방면으로 직진하시다 신라스테이 맞은편 에 있는 골목으로 우회전 하셔서 약 90m 내려오시면 있습니다. |  | 차량 이용 시 | - 매장 주변은 차없는 거리이기때문에 불법주정차 단속구역입니다 차량을 이용해 오신다면, 신제주 공영주차장에 주차하시고, 한국금거래소 제주직영점이 있는 길로 200m 쭉 직진해서 올라오시면 매장이 있습니다. | - 데상트 신제주점 맞은 편에 위치한 골목으로 50m 직진하셔서 사거리에서 gs25가 있는 건물 2층에 있습니다.",0507-1389-6090,https://www.instagram.com/doldamblackpork_jeju,33.4867841,126.4909076,11:00 - 다음 날 02:00,영업 전,"01:00 라스트오더 | 매주 토요일은 10분 일찍 라스트오더,마감됩니다","{""매일"": {""open"": ""11:00 - 다음 날 02:00""}}","영업 전 | 11:00에 영업 시작 | 11시 0분에 영업 시작 | 매일 | 11:00 - 다음 날 02:00 | 01:00 라스트오더 | - 매주 토요일은 10분 일찍 라스트오더,마감됩니다 | 접기",남/녀 화장실 구분|무선 인터넷|예약|유아의자|대기공간|반려동물 동반,"330시간 교차숙성으로 최상급 제주산 흑돼지의 깊은 풍미를 느낄 수 있는
제주연동맛집 돌담흑돼지 연동 본점입니다.

YOUTUBE 운동부 둘이왔어요ep60 김태균 촬영.
TV 토요일은밥이좋아48회 박명수, 히밥, 김종민, 노사연 촬영.
KBS 먹지순례 1회 이대호, 정상훈, 신승환 촬영.
MBN생생정보마당 방영.
채널A 고기서 만나 강호동, 정호영, 백호 방영.

제주흑돼지 맛집 돌담흑돼지 연동 본점은 고급스러운 공간에서 제대로 즐기는 제주산 최상급 숙성 제주흑돼지 맛집입니다.
330시간 교차숙성하여 흑돼지의 풍미를 더욱 살리며, 교육받은 직원의 숙련된 그릴링 서비스로 최적의 상태로 제주산 흑돼지를 즐길 수 있습니다.

고기와 함께 곁들여먹을 수 있는 뿔소라게우젓, 멸젓, 갈치속젓 등과 함께 드시면 더욱 다양하고 맛있게 드실 수 있습니다.

제주흑돼지맛집 돌담흑돼지 연동 본점은 가게 이름처럼 돌담과 초가집으로 만들어진 내부 인테리어로 제주도의 정취를 한껏 느끼실 수 있습니다.

소중한 반려동물과 제주도를 방문하셨는데, 반려동물 동반이 가능한 식당을 찾기 어려우시다면, 돌담흑돼지 연동 본점으로 오세요. 소중한 반려동물을 반려동물용 케이지에 넣어 방문해주시면 언제든지 식사가 가능합니다

※18시까지 예약 가능하며 이후로는 방문하셔서 순서 대기 하셔야 됩니다.※
접기","사용자들의 리뷰를 바탕으로 요약했습니다. |  | 제주 연동에서 인기 있는 흑돼지 전문점 돌담흑돼지는 넓고 쾌적한 공간에서 고품질 숙성고기를 제공합니다. | 남낙타 | +2 | 특히 뼈삼겹과 숄더랙 등 특수 부위까지 다양하게 즐길 수 있으며, 세트 메뉴 주문 시 게우밥과 찌개가 함께 제공되어 만족도가 높습니다. | 써녕리 | +2 | 아기의자와 셀프바 등 편의시설도 잘 갖춰져 있어 가족 단위 방문객에게 적합합니다. | 나이스 | +2",주간 기준  | 인기 많은 메뉴 | 1 | 순위 상승 | Wet aging 삼겹살 | 2 | 순위 하락 | A[유채SET] 360 숙성 한상 | 3 | 순위 상승 | 뿔소라게우밥 | 목요일 오후 7시  | 가장 인기에요! | 17시 방문자45% | 17 | 18시 방문자51% | 19시 방문자88% | 19 | 20시 방문자72% | 21시 방문자25% | 21 | 1회 결제 시 평균 9만원대 지불해요.,"[{""rank"": 1, ""trend"": ""상승"", ""name"": ""Wet aging 삼겹살""}, {""rank"": 2, ""trend"": ""하락"", ""name"": ""A[유채SET] 360 숙성 한상""}, {""rank"": 3, ""trend"": ""상승"", ""name"": ""뿔소라게우밥""}]",목요일 오후 7시 가장 인기에요,"[{""hour"": 17, ""pct"": 45}, {""hour"": 18, ""pct"": 51}, {""hour"": 19, ""pct"": 88}, {""hour"": 20, ""pct"": 72}, {""hour"": 21, ""pct"": 25}]",1회 결제 시 평균 9만원대,Wet Aging 삼겹살 (280g)|Wet Aging 목살 (280g)|돌담 흑가로막살 (180g)|돌담 목덜미살 (180g)|돌담 등심덧살 (180g)|돌담 뼈갈비 (300g)|360 교차숙성 눈꽃목살 (280g)|360 교차숙성 숄더랙(450g)|360 교차숙성 뼈삼겹 (550g)|A.유채SET 360숙성 한상|B.수국SET 돌담 뼈삼겹 한상|C.동백SET 돌담 숄더랙 정점 한상|D.돌담 360교차숙성 근고기|돌담 한우1++채끝등심(100g)|1++ 한우갈비살세트 (450g)|뿔소라게우밥|열무국수|제주흑돼지 김치찌개|차돌된장찌개,돌담흑돼지 연동 본점|돼지고기구이|제주 제주시 연동7길 35 2층 돌담흑돼지|제주 제주시 연동 273-35|0507-1389-6090|11:00 - 다음 날 02:00|Wet Aging 삼겹살 (280g)|Wet Aging 목살 (280g)|돌담 흑가로막살 (180g)|돌담 목덜미살 (180g)|돌담 등심덧살 (180g)|돌담 뼈갈비 (300g)|360 교차숙성 눈꽃목살 (280g)|360 교차숙성 숄더랙(450g)|360 교차숙성 뼈삼겹 (550g)|A.유채SET 360숙성 한상|B.수국SET 돌담 뼈삼겹 한상|C.동백SET 돌담 숄더랙 정점 한상|D.돌담 360교차숙성 근고기|돌담 한우1++채끝등심(100g)|1++ 한우갈비살세트 (450g)|뿔소라게우밥|열무국수|제주흑돼지 김치찌개|차돌된장찌개|Wet aging 삼겹살|A[유채SET] 360 숙성 한상|제주도민의 찐맛집 인정|남/녀 화장실 구분|무선 인터넷|유아의자|대기공간|반려동물 동반|음식이 맛있어요|고기 질이 좋아요|매장이 넓어요|인테리어가 멋져요|친절해요|양이 많아요|직접 잘 구워줘요|특별한 메뉴가 있어요|매장이 청결해요|재료가 신선해요,"[""돌담흑돼지 연동 본점"", ""돼지고기구이"", ""제주 제주시 연동7길 35 2층 돌담흑돼지"", ""제주 제주시 연동 273-35"", ""0507-1389-6090"", ""11:00 - 다음 날 02:00"", ""Wet Aging 삼겹살 (280g)"", ""Wet Aging 목살 (280g)"", ""돌담 흑가로막살 (180g)"", ""돌담 목덜미살 (180g)"", ""돌담 등심덧살 (180g)"", ""돌담 뼈갈비 (300g)"", ""360 교차숙성 눈꽃목살 (280g)"", ""360 교차숙성 숄더랙(450g)"", ""360 교차숙성 뼈삼겹 (550g)"", ""A.유채SET 360숙성 한상"", ""B.수국SET 돌담 뼈삼겹 한상"", ""C.동백SET 돌담 숄더랙 정점 한상"", ""D.돌담 360교차숙성 근고기"", ""돌담 한우1++채끝등심(100g)"", ""1++ 한우갈비살세트 (450g)"", ""뿔소라게우밥"", ""열무국수"", ""제주흑돼지 김치찌개"", ""차돌된장찌개"", ""Wet aging 삼겹살"", ""A[유채SET] 360 숙성 한상"", ""제주도민의 찐맛집 인정"", ""남/녀 화장실 구분"", ""무선 인터넷"", ""유아의자"", ""대기공간"", ""반려동물 동반"", ""음식이 맛있어요"", ""고기 질이 좋아요"", ""매장이 넓어요"", ""인테리어가 멋져요"", ""친절해요"", ""양이 많아요"", ""직접 잘 구워줘요"", ""특별한 메뉴가 있어요"", ""매장이 청결해요"", ""재료가 신선해요""]","{""name"": [""돌담흑돼지 연동 본점""], ""category"": [""돼지고기구이""], ""address"": [""제주 제주시 연동7길 35 2층 돌담흑돼지"", ""제주 제주시 연동 273-35""], ""phone"": [""0507-1389-6090""], ""hours"": [""11:00 - 다음 날 02:00""], ""menus"": [""Wet Aging 삼겹살 (280g)"", ""Wet Aging 목살 (280g)"", ""돌담 흑가로막살 (180g)"", ""돌담 목덜미살 (180g)"", ""돌담 등심덧살 (180g)"", ""돌담 뼈갈비 (300g)"", ""360 교차숙성 눈꽃목살 (280g)"", ""360 교차숙성 숄더랙(450g)"", ""360 교차숙성 뼈삼겹 (550g)"", ""A.유채SET 360숙성 한상"", ""B.수국SET 돌담 뼈삼겹 한상"", ""C.동백SET 돌담 숄더랙 정점 한상"", ""D.돌담 360교차숙성 근고기"", ""돌담 한우1++채끝등심(100g)"", ""1++ 한우갈비살세트 (450g)"", ""뿔소라게우밥"", ""열무국수"", ""제주흑돼지 김치찌개"", ""차돌된장찌개""], ""popular_menus"": [""Wet aging 삼겹살"", ""A[유채SET] 360 숙성 한상"", ""뿔소라게우밥""], ""slogan"": [""제주도민의 찐맛집 인정""], ""conveniences"": [""남/녀 화장실 구분"", ""무선 인터넷"", ""유아의자"", ""대기공간"", ""반려동물 동반""], ""visitor_keywords"": [""음식이 맛있어요"", ""고기 질이 좋아요"", ""매장이 넓어요"", ""인테리어가 멋져요"", ""친절해요"", ""양이 많아요"", ""직접 잘 구워줘요"", ""특별한 메뉴가 있어요"", ""매장이 청결해요"", ""재료가 신선해요""]}",돌담흑돼지 연동 본점,현장대기 준비중 테이블링 안내 새로고침,"[""돌담흑돼지 연동 본점\n동영상\n알림테이블링 제주시맛집 1등 연동 돌담흑돼지👍0507-1389-6090\n제주연동맛집 연동 돌담흑돼지입니다💪\n제주도에서 아무 흑돼지를 먹는다는 것은 어불성설\n제주흑돼지맛집 연동 돌담흑돼지에서는 최상급 제주 흑돼지를 선별, 330시간의 교차숙성을 진행해 방문하시는 모든 분들이 제주흑돼지의 깊은 맛과 풍미를 경험하실 수 있습니다\n초가집과 돌담 컨셉 인테리어로 제주를 오감으로 경험하실 수 있으며, 바테이블을 활용한 인테리어로 고급스러운 느낌을 더했으며, 최상급 흑돼지에 페어링하기 좋은 와인도 있어 나의 소중하고 특별한 날, 연인과의 데이트, 사랑스러운 아이와 함께 맛있는 제주흑돼지를 즐기며 보낼 수 있습니다😉\n제주신라스테이맛집 연동 돌담흑돼지는 차없는 거리에 위치하고 있어 주차시설이 없습니다. 차를 타고 오신다면 근처에 위치한 공영주차장을 이용해주시고, 택시를 이용해 오신다면 누웨마루거리, 신라스테이제주를 목적지로 설정해서 오시면 편하게 오실 수 있습니다\n네이버 앱을 이용해 예약하시면 제주공항근처맛집 연동 돌담흑돼지를 더욱 편하게 이용이 가능합니다. 오후 6시까지 예약이 가능하며, 이후에는 방문하셔서 이용하셔야합니다\n더보기\n기간\n2024.07.16. ~ 2024.07.25.\n9명\n2024.02.21.\n2024년 2월 21일"", ""돌담흑돼지 연동 본점\n알림새해 복 많이 받으세요!설 연휴 정상영업! 간편한 네이버예약 이용바랍니다\n제주연동맛집 연동 돌담흑돼지입니다😎\n연동 돌담흑돼지를 찾아주시는 모든 분들이 염원했던 일들 모두 새해에 풍성한 결실로 맺어져 행복하고 만족스러운 한해가 되기를 기원합니다🙇‍♂️🙇‍♀️\n제주연동흑돼지맛집 연동돌담흑돼지는 네이버 예약을 이용하시면 편하게 이용하실 수 있으니💪 네이버 예약하셔서 330시간 교차숙성으로 깊은 풍미를 느낄 수 있는 최상급 제주흑돼지를 드시며 행복한 연휴를 즐기시기를 기원합니다😊\n더보기\n기간\n2024.02.06. ~ 2024.02.12.\n3명\n2024.02.06.\n2024년 2월 6일"", ""돌담흑돼지 연동 본점\n알림항정살 가브리살 재입고🐷\n항정살 가브리살 재입고되었습니다.\n1명\n2024.01.12.\n2024년 1월 12일""]",방문예약 | 1 | 바로확정 |  | 진짜 제주흑돼지만 사용하는 돌담흑돼지 |  | 2~8명 | 5,"[{""keyword"": ""음식이 맛있어요"", ""count"": ""7583""}, {""keyword"": ""고기 질이 좋아요"", ""count"": ""6065""}, {""keyword"": ""매장이 넓어요"", ""count"": ""3333""}, {""keyword"": ""인테리어가 멋져요"", ""count"": ""2677""}, {""keyword"": ""친절해요"", ""count"": ""2377""}, {""keyword"": ""양이 많아요"", ""count"": ""2155""}, {""keyword"": ""직접 잘 구워줘요"", ""count"": ""1666""}, {""keyword"": ""특별한 메뉴가 있어요"", ""count"": ""1455""}, {""keyword"": ""매장이 청결해요"", ""count"": ""1103""}, {""keyword"": ""재료가 신선해요"", ""count"": ""793""}]","[{""title"": ""소개"", ""body"": ""330시간 교차숙성으로 최상급 제주산 흑돼지의 깊은 풍미를 느낄 수 있는\n제주연동맛집 돌담흑돼지 연동 본점입니다.\n\nYOUTUBE 운동부 둘이왔어요ep60 김태균 촬영.\nTV 토요일은밥이좋아48회 박명수, 히밥, 김종민, 노사연 촬영.\nKBS 먹지순례 1회 이대호, 정상훈, 신승환 촬영.\nMBN생생정보마당 방영.\n채널A 고기서 만나 강호동, 정호영, 백호 방영.\n\n제주흑돼지 맛집 돌담흑돼지 연동 본점은 고급스러운 공간에서 제대로 즐기는 제주산 최상급 숙성 제주흑돼지 맛집입니다.\n330시간 교차숙성하여 흑돼지의 풍미를 더욱 살리며, 교육받은 직원의 숙련된 그릴링 서비스로 최적의 상태로 제주산 흑돼지를 즐길 수 있습니다.\n\n고기와 함께 곁들여먹을 수 있는 뿔소라게우젓, 멸젓, 갈치속젓 등과 함께 드시면 더욱 다양하고 맛있게 드실 수 있습니다.\n\n제주흑돼지맛집 돌담흑돼지 연동 본점은 가게 이름처럼 돌담과 초가집으로 만들어진 내부 인테리어로 제주도의 정취를 한껏 느끼실 수 있습니다.\n\n소중한 반려동물과 제주도를 방문하셨는데, 반려동물 동반이 가능한 식당을 찾기 어려우시다면, 돌담흑돼지 연동 본점으로 오세요. 소중한 반려동물을 반려동물용 케이지에 넣어 방문해주시면 언제든지 식사가 가능합니다\n\n※18시까지 예약 가능하며 이후로는 방문하셔서 순서 대기 하셔야 됩니다.※\n접기""}, {""title"": ""위생 정보"", ""body"": ""세스코 멤버스\n2026.08\n2027년08월\n 최근 통합방제 점검월""}, {""title"": ""편의시설 및 서비스"", ""body"": ""남/녀 화장실 구분\n무선 인터넷\n예약\n유아의자\n대기공간""}, {""title"": ""반려동물 동반"", ""body"": ""반려동물 동반 가능""}, {""title"": ""주차"", ""body"": ""주차 불가""}, {""title"": ""좌석·공간"", ""body"": ""입식\n바테이블""}, {""title"": ""결제수단"", ""body"": ""지역화폐 (카드형)\n지역화폐 (지류형)""}, {""title"": ""SNS"", ""body"": ""인스타그램\nhttps://www.instagram.com/doldamblackpork_jeju\n알고 계신 정보와 다른 정보가 있나요?\n사진으로 간단하게 제보해 주세요.\n정보 수정 제안하기\n이용약관고객센터리뷰운영정책신고센터\n네이버""}]"
