주차장관리번호,원본_주차장명,원본_도로명,원본_지번,원본_위도,원본_경도,원본_요금정보,match_status,match_source,match_step,match_message,modu_seq,modu_name,matched_site_url,운영 시간,현장 요금,주소,초기무료,기본요금,추가 요금,할증 기준시간,운영시간_평일,운영시간_토요일,운영시간_일요일,운영시간_공휴일,추가정보,tried_queries
405-2-000019,한림 상두거리,,제주특별자치도 제주시 한림읍 한림리 1198-3,33.4124838,126.2653233,유료,success,modu,modu_search_coord,검색 좌표근접 dist=22.6m / pin없음(장소만),,한림 상두거리 공영주차장,https://app.modu.kr/map?lat=33.4124543&lng=126.2650828&zoom=17,,,제주특별자치도 제주시 한림읍 한림리 1198-4,,,,,,,,,,한림 상두거리 | 한림 상두거리 주차장 | 제주시 한림 상두거리 | 제주시 한림 상두거리 주차장 | 제주시 한림읍 한림리 1198-3 주차장 | 한림읍 한림리 1198-3 주차장
405-2-000378,동문공설시장주차빌딩,,제주특별자치도 제주시 일도일동 1103,33.5120874,126.5282423,유료,success,modu,modu_search_address:exact_or_contains,검색 주소매칭 dist=3.5m / pin=동문주차빌딩 주차장(2.8m) / 상세OK,157581,동문주차빌딩 주차장,https://app.modu.kr/map?type=P&id=157581&parkingDate=2026-09-10&durationId=PT1H,09:00 ~ 22:00,"1시간 기준 2,000원",제주특별자치도 제주시 동문로4길 9,30분,해당항목없음,15분당 500원,해당항목없음,09:00 ~ 22:00,09:00 ~ 22:00,09:00 ~ 22:00,09:00 ~ 22:00,장애인,동문공설시장주차빌딩
405-2-000381,칠성상가2,,제주특별자치도 제주시 일도일동 1401-13,33.513992,126.5237586,유료,success,modu,modu_search_coord,검색 좌표근접 dist=2.3m / pin=칠성상가2 공영 주차장(0.0m) / 상세OK,157578,칠성상가2 공영 주차장,https://app.modu.kr/map?type=P&id=157578&parkingDate=2026-09-10&durationId=PT1H,10:00 ~ 20:00,"1시간 기준 2,000원",제주특별자치도 제주시 일도1동 1401-13,30분,해당항목없음,15분당 500원,해당항목없음,10:00 ~ 20:00,10:00 ~ 20:00,10:00 ~ 20:00,10:00 ~ 20:00,,칠성상가2 | 칠성상가2 주차장 | 제주시 칠성상가2 | 제주시 칠성상가2 주차장 | 제주시 일도일동 1401-13 주차장 | 일도일동 1401-13 주차장
405-2-000382,칠성상가1,,제주특별자치도 제주시 일도일동 1476-1,33.5141197,126.5263797,유료,success,modu,modu_search_coord,검색 좌표근접 dist=0.7m / pin=칠성상가1 공영 주차장(0.0m) / 상세OK,157577,칠성상가1 공영 주차장,https://app.modu.kr/map?type=P&id=157577&parkingDate=2026-09-10&durationId=PT1H,10:00 ~ 21:00,"1시간 기준 2,000원",제주특별자치도 제주시 일도1동 1476-1,30분,해당항목없음,15분당 500원,해당항목없음,10:00 ~ 21:00,10:00 ~ 21:00,10:00 ~ 21:00,10:00 ~ 21:00,,칠성상가1 | 칠성상가1 주차장 | 제주시 칠성상가1 | 제주시 칠성상가1 주차장 | 제주시 일도일동 1476-1 주차장 | 일도일동 1476-1 주차장
405-2-000383,제일주차빌딩,,제주특별자치도 제주시 일도일동 1476-33,33.5134838,126.5265959,유료,success,modu,modu_search_coord,검색 좌표근접 dist=17.4m / pin=제일주차빌딩기계식 공영 주차장(8.0m) / 상세OK,157570,제일주차빌딩기계식 공영 주차장,https://app.modu.kr/map?type=P&id=157570&parkingDate=2026-09-10&durationId=PT1H,08:00 ~ 22:00,"1시간 기준 2,000원",제주특별자치도 제주시 관덕로15길 3,30분,해당항목없음,15분당 500원,해당항목없음,08:00 ~ 22:00,08:00 ~ 22:00,08:00 ~ 22:00,08:00 ~ 22:00,기계식,제일주차빌딩 | 제일주차빌딩 주차장 | 제주시 제일주차빌딩 | 제주시 제일주차빌딩 주차장 | 제일주차장 | 제주시 제일주차장 | 제주시 일도일동 1476-33 주차장 | 일도일동 1476-33 주차장
405-2-000408,동광 제2,,제주특별자치도 제주시 일도이동 112,33.4994744,126.5494403,유료,success,modu,modu_search_address:exact_or_contains,검색 주소매칭 dist=19.6m / pin=일도이동 공영 주차장(3.8m) / 상세OK,157487,일도이동 공영 주차장,https://app.modu.kr/map?type=P&id=157487&parkingDate=2026-09-10&durationId=PT1H,00:00 ~ 익일 24:00,정보 없음,제주특별자치도 제주시 태성로 40,,,,,해당항목없음,해당항목없음,해당항목없음,해당항목없음,,동광 제2
405-2-000410,일도이동 152-41,,제주특별자치도 제주시 일도이동 152-41,33.5117412,126.5417928,유료,success,modu,modu_search_address:exact_or_contains,검색 주소매칭 dist=3.9m / pin=모로왓 제2 공영 주차장(226.5m) / 상세OK,157480,모로왓 제2 공영 주차장,https://app.modu.kr/map?type=P&id=157480&parkingDate=2026-09-10&durationId=PT1H,09:00 ~ 18:00,"1시간 기준 2,000원",제주특별자치도 제주시 동광로23길 20,30분,해당항목없음,15분당 500원,해당항목없음,09:00 ~ 18:00,해당항목없음,해당항목없음,해당항목없음,장애인,일도이동 152-41
405-2-000415,인제,,제주특별자치도 제주시 일도이동 409-11,33.5048166,126.5419257,유료,success,modu,modu_search_coord,검색 좌표근접 dist=3.7m / pin=인제 공영 주차장(1.8m) / 상세OK,157571,인제 공영 주차장,https://app.modu.kr/map?type=P&id=157571&parkingDate=2026-09-10&durationId=PT1H,12:00 ~ 21:00,"1시간 기준 2,000원",제주특별자치도 제주시 고마로19길 5,30분,해당항목없음,15분당 500원,해당항목없음,12:00 ~ 21:00,해당항목없음,해당항목없음,해당항목없음,장애인,인제 | 인제 주차장 | 제주시 인제 | 제주시 인제 주차장 | 제주시 일도이동 409-11 주차장 | 일도이동 409-11 주차장
405-2-000416,모로왓 제1,,제주특별자치도 제주시 일도이동 488-1,33.5106759,126.5441629,유료,success,modu,modu_search_coord,검색 좌표근접 dist=23.8m / pin=모로왓 제1 공영 주차장(3.6m) / 상세OK,157443,모로왓 제1 공영 주차장,https://app.modu.kr/map?type=P&id=157443&parkingDate=2026-09-10&durationId=PT1H,09:00 ~ 18:00,"1시간 기준 2,000원",제주특별자치도 제주시 일도2동 488-1,30분,해당항목없음,15분당 500원,해당항목없음,09:00 ~ 18:00,해당항목없음,해당항목없음,해당항목없음,장애인,모로왓 제1 | 모로왓 제1 주차장 | 제주시 모로왓 제1 | 제주시 모로왓 제1 주차장 | 제주시 일도이동 488-1 주차장 | 일도이동 488-1 주차장
405-2-000417,모로왓 제2,,제주특별자치도 제주시 일도이동 510,33.5112911,126.5437968,유료,success,modu,modu_search_coord,검색 좌표근접 dist=73.4m / pin=모로왓 제1 공영 주차장(23.6m) / 상세OK,157443,모로왓 제1 공영 주차장,https://app.modu.kr/map?type=P&id=157443&parkingDate=2026-09-10&durationId=PT1H,09:00 ~ 18:00,"1시간 기준 2,000원",제주특별자치도 제주시 일도2동 488-1,30분,해당항목없음,15분당 500원,해당항목없음,09:00 ~ 18:00,해당항목없음,해당항목없음,해당항목없음,장애인,모로왓 제2 | 모로왓 제2 주차장 | 제주시 모로왓 제2 | 제주시 모로왓 제2 주차장 | 제주시 일도이동 510 주차장 | 일도이동 510 주차장
405-2-000419,동광,,제주특별자치도 제주시 일도이동 82-8,33.4999675,126.5453722,유료,success,modu,modu_search_address:exact_or_contains,검색 주소매칭 dist=5.4m / pin=일도이동 공영 주차장(2.3m) / 상세OK,157381,일도이동 공영 주차장,https://app.modu.kr/map?type=P&id=157381&parkingDate=2026-09-10&durationId=PT1H,00:00 ~ 익일 24:00,정보 없음,제주특별자치도 제주시 일도2동 82-8,,,,,해당항목없음,해당항목없음,해당항목없음,해당항목없음,,동광 | 동광 주차장 | 제주시 동광 | 제주시 동광 주차장
405-2-000455,일도이동 55-8,,제주특별자치도 제주시 일도이동 55-8,33.5028391,126.5446163,유료,success,modu,modu_search_address:exact_or_contains,검색 주소매칭 dist=1.5m / pin없음(장소만),,,https://app.modu.kr/map?lat=33.5028389&lng=126.5445997&zoom=17,,,제주특별자치도 제주시 일도이동 55-8,,,,,,,,,,일도이동 55-8
405-2-000463,광양,,제주특별자치도 제주시 이도일동 1257-4,33.5024165,126.5289226,유료,success,modu,modu_search_address:exact_or_contains,검색 주소매칭 dist=4.1m / pin=광양초 서측 공영 주차장(45.1m) / 상세OK,157587,광양초 서측 공영 주차장,https://app.modu.kr/map?type=P&id=157587&parkingDate=2026-09-10&durationId=PT1H,08:30 ~ 18:00,"1시간 기준 2,000원",제주특별자치도 제주시 동광로1길 18,30분,해당항목없음,15분당 500원,해당항목없음,08:30 ~ 18:00,해당항목없음,해당항목없음,해당항목없음,장애인,광양 | 광양 주차장 | 제주시 광양 | 제주시 광양 주차장
405-2-000468,동문재래,,제주특별자치도 제주시 이도일동 1330-5,33.5108176,126.5260869,유료,success,modu,modu_search_address:exact_or_contains,검색 주소매칭 dist=0.8m / pin=동문재래 공영 주차장(11.6m) / 상세OK,235175,동문재래 공영 주차장,https://app.modu.kr/map?type=P&id=235175&parkingDate=2026-09-10&durationId=PT1H,09:00 ~ 22:00,"1시간 기준 2,000원",제주특별자치도 제주시 중앙로13길 16-8,30분,해당항목없음,15분당 500원,해당항목없음,09:00 ~ 22:00,09:00 ~ 22:00,09:00 ~ 22:00,09:00 ~ 22:00,장애인,동문재래 | 동문재래 주차장
405-2-000469,동문수산시장,,제주특별자치도 제주시 이도일동 1348-1,33.5120664,126.5249028,유료,success,modu,modu_search_coord,검색 좌표근접 dist=5.7m / pin=이도일동 공영 주차장(9.2m) / 상세OK,157348,이도일동 공영 주차장,https://app.modu.kr/map?type=P&id=157348&parkingDate=2026-09-10&durationId=PT1H,00:00 ~ 익일 24:00,정보 없음,제주특별자치도 제주시 오현길 81,,,,,해당항목없음,해당항목없음,해당항목없음,해당항목없음,,동문수산시장 | 동문수산시장 주차장 | 제주시 동문수산시장 | 제주시 동문수산시장 주차장 | 제주시 이도일동 1348-1 주차장 | 이도일동 1348-1 주차장
405-2-000471,중앙로상점가,,제주특별자치도 제주시 이도일동 1492-1,33.5107179,126.5233726,유료,success,modu,modu_search_coord,검색 좌표근접 dist=13.5m / pin=이도일동 공영 주차장(192.2m) / 상세OK,157348,이도일동 공영 주차장,https://app.modu.kr/map?type=P&id=157348&parkingDate=2026-09-10&durationId=PT1H,00:00 ~ 익일 24:00,정보 없음,제주특별자치도 제주시 오현길 81,,,,,해당항목없음,해당항목없음,해당항목없음,해당항목없음,,중앙로상점가 | 중앙로상점가 주차장 | 제주시 중앙로상점가 | 제주시 중앙로상점가 주차장 | 제주시 이도일동 1492-1 주차장 | 이도일동 1492-1 주차장
405-2-000478,이도일동 1696-9,,제주특별자치도 제주시 이도일동 1696-9,33.5075632,126.526381,유료,success,modu,modu_search_address:exact_or_contains,검색 주소매칭 dist=1.5m / pin=이도일동 공영 주차장(0.7m) / 상세OK,157493,이도일동 공영 주차장,https://app.modu.kr/map?type=P&id=157493&parkingDate=2026-09-10&durationId=PT1H,00:00 ~ 익일 24:00,정보 없음,제주특별자치도 제주시 이도1동 1696-9,,,,,해당항목없음,해당항목없음,해당항목없음,해당항목없음,,이도일동 1696-9
405-2-000501,도남,,제주특별자치도 제주시 도남동 574-3,33.4905213,126.5201005,유료,success,modu,modu_pins:coord,좌표 핀매칭 dist=9.5m seq=157357 / 상세OK,157357,이도이동 공영 주차장,https://app.modu.kr/map?type=P&id=157357&parkingDate=2026-09-10&durationId=PT1H,00:00 ~ 익일 24:00,정보 없음,제주특별자치도 제주시 도남동 574-3,,,,,해당항목없음,해당항목없음,해당항목없음,해당항목없음,,도남 | 도남 주차장 | 제주시 도남 | 제주시 도남 주차장 | 제주시 도남동 574-3 주차장 | 도남동 574-3 주차장
405-2-000503,도남로 15길,,제주특별자치도 제주시 도남동 65-3,33.491581,126.5285651,유료,success,modu,modu_pins:coord,좌표 핀매칭 dist=1.0m seq=157351 / 상세OK,157351,이도이동 공영 주차장,https://app.modu.kr/map?type=P&id=157351&parkingDate=2026-09-10&durationId=PT1H,00:00 ~ 익일 24:00,정보 없음,제주특별자치도 제주시 도남동 65-3,,,,,해당항목없음,해당항목없음,해당항목없음,해당항목없음,,도남로 15길 | 도남로 15길 주차장 | 제주시 도남로 15길 | 제주시 도남로 15길 주차장 | 제주시 도남동 65-3 주차장 | 도남동 65-3 주차장
405-2-000508,도남동 664-6,,제주특별자치도 제주시 도남동 664-6,33.4905234,126.5270978,유료,success,modu,modu_search_address:exact_or_contains,검색 주소매칭 dist=6.1m / pin=이도이동 공영 주차장(2.3m) / 상세OK,157366,이도이동 공영 주차장,https://app.modu.kr/map?type=P&id=157366&parkingDate=2026-09-10&durationId=PT1H,00:00 ~ 익일 24:00,정보 없음,제주특별자치도 제주시 도남동 664-6,,,,,해당항목없음,해당항목없음,해당항목없음,해당항목없음,,도남동 664-6
405-2-000546,신성로 10길,,제주특별자치도 제주시 도남동 87-8,33.4958483,126.5296119,유료,success,modu,modu_search_address:exact_or_contains,검색 주소매칭 dist=19.4m / pin=신성로 10길 공영 주차장(29.3m) / 상세OK,235204,신성로 10길 공영 주차장,https://app.modu.kr/map?type=P&id=235204&parkingDate=2026-09-10&durationId=PT1H,09:00 ~ 18:00,"1시간 기준 2,000원",제주특별자치도 제주시 도남동 92,30분,해당항목없음,15분당 500원,해당항목없음,09:00 ~ 18:00,해당항목없음,해당항목없음,해당항목없음,,신성로 10길 | 신성로 10길 주차장 | 제주시 신성로 10길 | 제주시 신성로 10길 주차장 | 제주시 도남동 87-8 주차장
405-2-000549,고산동산,,제주특별자치도 제주시 이도이동 1012-10,33.4956841,126.5314276,유료,success,modu,modu_search_address:exact_or_contains,검색 주소매칭 dist=1.5m / pin=고산동산 공영 주차장(1.3m) / 상세OK,226654,고산동산 공영 주차장,https://app.modu.kr/map?type=P&id=226654&parkingDate=2026-09-10&durationId=PT1H,09:00 ~ 18:00,"1시간 기준 1,500원",제주특별자치도 제주시 이도이동 1012-10,30분,"15분 1,000원",15분당 500원,해당항목없음,09:00 ~ 18:00,09:00 ~ 18:00,해당항목없음,해당항목없음,장애인,고산동산
405-2-000552,오복1길,,제주특별자치도 제주시 이도이동 1035-4,33.4969043,126.533212,유료,success,modu,modu_search_address:exact_or_contains,검색 주소매칭 dist=12.3m / pin=이도이동 공영 주차장(2.9m) / 상세OK,157350,이도이동 공영 주차장,https://app.modu.kr/map?type=P&id=157350&parkingDate=2026-09-10&durationId=PT1H,00:00 ~ 익일 24:00,정보 없음,제주특별자치도 제주시 이도2동 1035-4,,,,,해당항목없음,해당항목없음,해당항목없음,해당항목없음,,오복1길 | 오복1길 주차장
405-2-000553,이도2동 공영,,제주특별자치도 제주시 이도이동 1052-2,33.4967902,126.5349279,유료,success,modu,modu_search_address:exact_or_contains,검색 주소매칭 dist=663.0m / pin=투루파킹 다이소 제주시청점 민영 주차장(0.0m) / 상세OK,230825,투루파킹 다이소 제주시청점 민영 주차장,https://app.modu.kr/map?type=P&id=230825&parkingDate=2026-09-10&durationId=PT1H,00:00 ~ 익일 24:00,"1시간 기준 4,000원",제주특별자치도 제주시 중앙로 213,해당항목없음,"15분 1,000원","15분당 1,000원",해당항목없음,00:00 ~ 24:00,00:00 ~ 24:00,00:00 ~ 24:00,00:00 ~ 24:00,,이도2동 공영 | 이도2동 공영 주차장 | 제주시 이도2동 공영 | 제주시 이도2동 공영 주차장 | 제주시 이도이동 1052-2 주차장
405-2-000555,법원 북측,,제주특별자치도 제주시 이도이동 1066,33.4947576,126.5352977,유료,success,modu,modu_search_address:exact_or_contains,검색 주소매칭 dist=7.2m / pin=법원북측 공영 주차장(3.6m) / 상세OK,157573,법원북측 공영 주차장,https://app.modu.kr/map?type=P&id=157573&parkingDate=2026-09-10&durationId=PT1H,09:00 ~ 18:00,"1시간 기준 2,000원",제주특별자치도 제주시 남광북1길 8,30분,해당항목없음,15분당 500원,해당항목없음,09:00 ~ 18:00,해당항목없음,해당항목없음,해당항목없음,장애인,법원 북측
405-2-000572,이도2동 중앙,,제주특별자치도 제주시 이도이동 1982-15,33.4890147,126.5405121,유료,success,modu,modu_search_address:exact_or_contains,검색 주소매칭 dist=11.5m / pin=이도이동 공영 주차장(2.6m) / 상세OK,157458,이도이동 공영 주차장,https://app.modu.kr/map?type=P&id=157458&parkingDate=2026-09-10&durationId=PT1H,00:00 ~ 익일 24:00,정보 없음,제주특별자치도 제주시 이도2동 1982-15,,,,,해당항목없음,해당항목없음,해당항목없음,해당항목없음,,이도2동 중앙 | 이도2동 중앙 주차장
405-2-000578,이도이동 1992-7,,제주특별자치도 제주시 이도이동 1992-7,33.4916311,126.5378691,유료,success,modu,modu_search_address:exact_or_contains,검색 주소매칭 dist=2.8m / pin=이도이동 공영 주차장(1.9m) / 상세OK,157454,이도이동 공영 주차장,https://app.modu.kr/map?type=P&id=157454&parkingDate=2026-09-10&durationId=PT1H,00:00 ~ 익일 24:00,정보 없음,제주특별자치도 제주시 이도2동 1992-7,,,,,해당항목없음,해당항목없음,해당항목없음,해당항목없음,,이도이동 1992-7
405-2-000583,이도이동 1999-1,,제주특별자치도 제주시 이도이동 1999-1,33.4904026,126.5364411,유료,success,modu,modu_search_address:exact_or_contains,검색 주소매칭 dist=3.7m / pin=이도이동 공영 주차장(1.6m) / 상세OK,157449,이도이동 공영 주차장,https://app.modu.kr/map?type=P&id=157449&parkingDate=2026-09-10&durationId=PT1H,00:00 ~ 익일 24:00,정보 없음,제주특별자치도 제주시 이도2동 1999-1,,,,,해당항목없음,해당항목없음,해당항목없음,해당항목없음,,이도이동 1999-1
405-2-000587,이도이동 2008-1,,제주특별자치도 제주시 이도이동 2008-1,33.4893541,126.5378086,유료,success,modu,modu_search_address:exact_or_contains,검색 주소매칭 dist=15.6m / pin=이도이동 공영 주차장(2.5m) / 상세OK,157451,이도이동 공영 주차장,https://app.modu.kr/map?type=P&id=157451&parkingDate=2026-09-10&durationId=PT1H,00:00 ~ 익일 24:00,정보 없음,제주특별자치도 제주시 이도2동 2008-1,,,,,해당항목없음,해당항목없음,해당항목없음,해당항목없음,,이도이동 2008-1
405-2-000597,이도이동 2017-1,,제주특별자치도 제주시 이도이동 2017-1,33.4884032,126.5385294,유료,success,modu,modu_search_address:exact_or_contains,검색 주소매칭 dist=2.6m / pin=이도이동 공영 주차장(1.5m) / 상세OK,157453,이도이동 공영 주차장,https://app.modu.kr/map?type=P&id=157453&parkingDate=2026-09-10&durationId=PT1H,00:00 ~ 익일 24:00,정보 없음,제주특별자치도 제주시 이도2동 2017-1,,,,,해당항목없음,해당항목없음,해당항목없음,해당항목없음,,이도이동 2017-1
405-2-000598,이도이동 2021-12,,제주특별자치도 제주시 이도이동 2021-12,33.4864654,126.5374223,유료,success,modu,modu_search_address:exact_or_contains,검색 주소매칭 dist=2.4m / pin=이도이동 공영 주차장(1.8m) / 상세OK,157452,이도이동 공영 주차장,https://app.modu.kr/map?type=P&id=157452&parkingDate=2026-09-10&durationId=PT1H,00:00 ~ 익일 24:00,정보 없음,제주특별자치도 제주시 이도2동 2021-12,,,,,해당항목없음,해당항목없음,해당항목없음,해당항목없음,,이도이동 2021-12
405-2-000599,이도이동 2026-9,,제주특별자치도 제주시 이도이동 2026-9,33.486873,126.5350446,유료,success,modu,modu_search_address:exact_or_contains,검색 주소매칭 dist=3.3m / pin=이도이동 공영 주차장(1.5m) / 상세OK,157447,이도이동 공영 주차장,https://app.modu.kr/map?type=P&id=157447&parkingDate=2026-09-10&durationId=PT1H,00:00 ~ 익일 24:00,정보 없음,제주특별자치도 제주시 이도2동 2026-9,,,,,해당항목없음,해당항목없음,해당항목없음,해당항목없음,,이도이동 2026-9
405-2-000603,이도이동 2035-10,,제주특별자치도 제주시 이도이동 2035-10,33.4886826,126.5328512,유료,success,modu,modu_search_address:exact_or_contains,검색 주소매칭 dist=2.4m / pin=이도이동 공영 주차장(1.8m) / 상세OK,157445,이도이동 공영 주차장,https://app.modu.kr/map?type=P&id=157445&parkingDate=2026-09-10&durationId=PT1H,00:00 ~ 익일 24:00,정보 없음,제주특별자치도 제주시 이도2동 2035-10,,,,,해당항목없음,해당항목없음,해당항목없음,해당항목없음,,이도이동 2035-10
405-2-000608,이도이동 417-4,,제주특별자치도 제주시 이도이동 417-4,33.4999345,126.5439674,유료,success,modu,modu_search_address:exact_or_contains,검색 주소매칭 dist=1.8m / pin=이도이동 공영 주차장(0.1m) / 상세OK,157442,이도이동 공영 주차장,https://app.modu.kr/map?type=P&id=157442&parkingDate=2026-09-10&durationId=PT1H,00:00 ~ 익일 24:00,정보 없음,제주특별자치도 제주시 이도2동 417-4,,,,,해당항목없음,해당항목없음,해당항목없음,해당항목없음,,이도이동 417-4
405-2-000610,정든로,,제주특별자치도 제주시 이도이동 429-7,33.4975793,126.5424173,유료,success,modu,modu_search_address:exact_or_contains,검색 주소매칭 dist=2.0m / pin=이도이동 공영 주차장(1.7m) / 상세OK,157437,이도이동 공영 주차장,https://app.modu.kr/map?type=P&id=157437&parkingDate=2026-09-10&durationId=PT1H,00:00 ~ 익일 24:00,정보 없음,제주특별자치도 제주시 이도2동 429-7,,,,,해당항목없음,해당항목없음,해당항목없음,해당항목없음,,정든로 | 정든로 주차장
405-1-000639,시청 앞,제주특별자치도 제주시 동광로 8,,33.5009083,126.5301151,유료,needs_confirm,modu,modu_pins:name+coord,좌표 핀매칭 dist=86.5m seq=265921 / 상세OK,265921,제주시청 앞 노상 공영 주차장,https://app.modu.kr/map?type=P&id=265921&parkingDate=2026-09-10&durationId=PT1H,00:00 ~ 09:00,"1시간 기준 1,500원",제주특별자치도 제주시 광양9길 3,30분,"15분 1,000원",15분당 500원,해당항목없음,09:00 ~ 18:00,해당항목없음,해당항목없음,해당항목없음,,시청 앞 | 시청 앞 주차장 | 제주시 시청 앞 | 제주시 시청 앞 주차장
405-2-000785,삼도일동 500-14,,제주특별자치도 제주시 삼도일동 500-14,33.5041349,126.516309,유료,success,modu,modu_search_address:exact_or_contains,검색 주소매칭 dist=3.6m / pin=삼도일동 공영 주차장(1.4m) / 상세OK,157471,삼도일동 공영 주차장,https://app.modu.kr/map?type=P&id=157471&parkingDate=2026-09-10&durationId=PT1H,00:00 ~ 익일 24:00,정보 없음,제주특별자치도 제주시 삼도1동 500-14,,,,,해당항목없음,해당항목없음,해당항목없음,해당항목없음,,삼도일동 500-14
405-2-000797,삼도일동 560-2,,제주특별자치도 제주시 삼도일동 560-2,33.4989699,126.5162616,유료,success,modu,modu_search_address:exact_or_contains,검색 주소매칭 dist=34.6m / pin=삼도일동 공영 주차장(1.5m) / 상세OK,157427,삼도일동 공영 주차장,https://app.modu.kr/map?type=P&id=157427&parkingDate=2026-09-10&durationId=PT1H,00:00 ~ 익일 24:00,정보 없음,제주특별자치도 제주시 삼도1동 560-2,,,,,해당항목없음,해당항목없음,해당항목없음,해당항목없음,,삼도일동 560-2
405-2-000826,삼도일동 796-8,,제주특별자치도 제주시 삼도일동 796-8,33.5087117,126.5186879,유료,success,modu,modu_search_address:exact_or_contains,검색 주소매칭 dist=11.4m / pin=용담일동 공영 주차장(239.9m) / 상세OK,157370,용담일동 공영 주차장,https://app.modu.kr/map?type=P&id=157370&parkingDate=2026-09-10&durationId=PT1H,00:00 ~ 익일 24:00,정보 없음,제주특별자치도 제주시 용담1동 220-10,,,,,해당항목없음,해당항목없음,해당항목없음,해당항목없음,,삼도일동 796-8
405-2-000827,관덕정 서측,,제주특별자치도 제주시 삼도이동 1024,33.5135098,126.5207008,유료,success,modu,modu_search_address:exact_or_contains,검색 주소매칭 dist=6.6m / pin=관덕정 서측 공영 주차장(37.4m) / 상세OK,157576,관덕정 서측 공영 주차장,https://app.modu.kr/map?type=P&id=157576&parkingDate=2026-09-10&durationId=PT1H,09:00 ~ 18:00,"1시간 기준 2,000원",제주특별자치도 제주시 삼도이동 1222-2,30분,해당항목없음,15분당 500원,해당항목없음,09:00 ~ 18:00,해당항목없음,해당항목없음,해당항목없음,장애인,관덕정 서측
405-2-000836,칠성골,,제주특별자치도 제주시 삼도이동 1192-8,33.5165152,126.5252465,유료,success,modu,modu_search_address:exact_or_contains,검색 주소매칭 dist=6.1m / pin=칠성골 공영 주차장(0.0m) / 상세OK,157574,칠성골 공영 주차장,https://app.modu.kr/map?type=P&id=157574&parkingDate=2026-09-10&durationId=PT1H,12:00 ~ 21:00,"1시간 기준 2,000원",제주특별자치도 제주시 임항로 8,30분,해당항목없음,15분당 500원,해당항목없음,12:00 ~ 21:00,12:00 ~ 21:00,12:00 ~ 21:00,12:00 ~ 21:00,장애인,칠성골 | 칠성골 주차장
405-2-000838,병문천,,제주특별자치도 제주시 삼도이동 1227-7,33.5046527,126.5223433,유료,success,modu,modu_search_address:exact_or_contains,검색 주소매칭 dist=419.0m / pin=삼도이동 공영 주차장(20.8m) / 상세OK,157342,삼도이동 공영 주차장,https://app.modu.kr/map?type=P&id=157342&parkingDate=2026-09-10&durationId=PT1H,00:00 ~ 익일 24:00,정보 없음,제주특별자치도 제주시 삼도2동 807-3,,,,,해당항목없음,해당항목없음,해당항목없음,해당항목없음,,병문천
405-2-000839,탑동 제2,,제주특별자치도 제주시 삼도이동 1257,33.5183529,126.5198344,유료,success,modu,modu_search_address:exact_or_contains,검색 주소매칭 dist=6.6m / pin=탑동제2 공영 주차장(3.3m) / 상세OK,157568,탑동제2 공영 주차장,https://app.modu.kr/map?type=P&id=157568&parkingDate=2026-09-10&durationId=PT1H,00:00 ~ 익일 24:00,"1시간 기준 2,000원",제주특별자치도 제주시 삼도2동 1257,해당항목없음,"30분 1,000원",15분당 500원,해당항목없음,해당항목없음,12:00 ~ 21:00,12:00 ~ 21:00,해당항목없음,장애인,탑동 제2 | 탑동 제2 주차장 | 제주시 탑동 제2
405-2-000841,탑동 제1,,제주특별자치도 제주시 삼도이동 1263,33.5174284,126.5237309,유료,success,modu,modu_search_address:exact_or_contains,검색 주소매칭 dist=44.7m / pin=탑동 제1 공영 주차장(0.0m) / 상세OK,157567,탑동 제1 공영 주차장,https://app.modu.kr/map?type=P&id=157567&parkingDate=2026-09-10&durationId=PT1H,09:00 ~ 18:00,"1시간 기준 2,000원",제주 제주시 탑동로2길 4,30분,해당항목없음,15분당 500원,해당항목없음,09:00 ~ 18:00,해당항목없음,해당항목없음,해당항목없음,장애인,탑동 제1 | 탑동 제1 주차장 | 제주시 탑동 제1
405-2-000846,성내,,제주특별자치도 제주시 삼도이동 839,33.5121357,126.5200469,유료,success,modu,modu_search_address:exact_or_contains,검색 주소매칭 dist=2.5m / pin=성내 공영 주차장(1.7m) / 상세OK,226662,성내 공영 주차장,https://app.modu.kr/map?type=P&id=226662&parkingDate=2026-09-10&durationId=PT1H,09:00 ~ 18:00,"1시간 기준 2,000원",제주특별자치도 제주시 관덕로 4-5,30분,해당항목없음,15분당 500원,해당항목없음,09:00 ~ 18:00,해당항목없음,해당항목없음,해당항목없음,장애인,성내 | 성내 주차장 | 제주시 성내
405-2-000848,제주중앙지하상가,,제주특별자치도 제주시 삼도이동 102-2,33.5127396,126.5233141,유료,success,modu,modu_search_address:exact_or_contains,검색 주소매칭 dist=699.4m / pin=탑동제2 공영 주차장(3.3m) / 상세OK,157568,탑동제2 공영 주차장,https://app.modu.kr/map?type=P&id=157568&parkingDate=2026-09-10&durationId=PT1H,00:00 ~ 익일 24:00,"1시간 기준 2,000원",제주특별자치도 제주시 삼도2동 1257,해당항목없음,"30분 1,000원",15분당 500원,해당항목없음,해당항목없음,12:00 ~ 21:00,12:00 ~ 21:00,해당항목없음,장애인,제주중앙지하상가 | 제주중앙지하상가 주차장 | 제주시 제주중앙지하상가 | 제주시 제주중앙지하상가 주차장 | 제주시 삼도이동 102-2 주차장
405-2-000897,용담로18길,,제주특별자치도 제주시 용담일동 244-10,33.5088638,126.5133177,유료,success,modu,modu_pins:coord,좌표 핀매칭 dist=49.9m seq=226871 / 상세OK,226871,용담일동 공영 주차장,https://app.modu.kr/map?type=P&id=226871&parkingDate=2026-09-10&durationId=PT1H,00:00 ~ 익일 24:00,정보 없음,제주특별자치도 제주시 용담1동244-1,,,,,해당항목없음,해당항목없음,해당항목없음,해당항목없음,,용담로18길 | 용담로18길 주차장 | 제주시 용담로18길 | 제주시 용담로18길 주차장 | 제주시 용담일동 244-10 주차장 | 용담일동 244-10 주차장
405-2-000930,공항입구,,제주특별자치도 제주시 용담이동 1611-2,33.503675,126.4957131,유료,needs_confirm,modu,modu_search_coord_near,검색 좌표근접 dist=114.1m / pin=제주공항 여객 주차장(108.9m) / 상세OK,92547,제주공항 여객 주차장,https://app.modu.kr/map?type=P&id=92547&parkingDate=2026-09-10&durationId=PT1H,00:00 ~ 익일 24:00,"1시간 기준 1,200원",제주특별자치도 제주시 공항로 2,해당항목없음,30분 600원,10분당 200원,해당항목없음,00:00 ~ 24:00,00:00 ~ 24:00,00:00 ~ 24:00,00:00 ~ 24:00,카드결제;여성;장애인,공항입구 | 공항입구 주차장 | 제주시 공항입구 | 제주시 공항입구 주차장 | 제주시 용담이동 1611-2 주차장 | 용담이동 1611-2 주차장
405-2-000936,용두암,,제주특별자치도 제주시 용담이동 483,33.5148036,126.511798,유료,success,modu,modu_search_address:exact_or_contains,검색 주소매칭 dist=142.4m / pin=용두암 공영 주차장(29.6m) / 상세OK,157566,용두암 공영 주차장,https://app.modu.kr/map?type=P&id=157566&parkingDate=2026-09-10&durationId=PT1H,09:00 ~ 18:00,"1시간 기준 2,000원",제주 제주시 용두암길 15,30분,해당항목없음,15분당 500원,해당항목없음,09:00 ~ 18:00,09:00 ~ 18:00,09:00 ~ 18:00,09:00 ~ 18:00,장애인,용두암
405-2-000937,용화마을,,제주특별자치도 제주시 용담이동 655-2,33.5076004,126.5067211,유료,success,modu,modu_search_coord,검색 좌표근접 dist=7.0m / pin없음(장소만),,용화마을공영주차장,https://app.modu.kr/map?lat=33.5076622&lng=126.5067086&zoom=17,,,제주특별자치도 제주시 용담2동 655-2,,,,,,,,,,용화마을 | 용화마을 주차장 | 제주시 용화마을 | 제주시 용화마을 주차장 | 제주시 용담이동 655-2 주차장 | 용담이동 655-2 주차장
405-2-000938,용담이동 774-5,,제주특별자치도 제주시 용담이동 774-5,33.5050817,126.5069498,유료,success,modu,modu_search_address:exact_or_contains,검색 주소매칭 dist=8.4m / pin=용담이동 공영 주차장(25.6m) / 상세OK,226883,용담이동 공영 주차장,https://app.modu.kr/map?type=P&id=226883&parkingDate=2026-09-10&durationId=PT1H,00:00 ~ 익일 24:00,정보 없음,제주특별자치도 제주시 용담이동 774-2,,,,,해당항목없음,해당항목없음,해당항목없음,해당항목없음,,용담이동 774-5
405-2-001060,화북일동 11-7,,제주특별자치도 제주시 화북일동 11-7,33.5197241,126.5734262,유료,success,modu,modu_search_address:exact_or_contains,검색 주소매칭 dist=12.3m / pin=화북동 공영 주차장(6.5m) / 상세OK,157418,화북동 공영 주차장,https://app.modu.kr/map?type=P&id=157418&parkingDate=2026-09-10&durationId=PT1H,00:00 ~ 익일 24:00,정보 없음,제주특별자치도 제주시 화북1동 11-7,,,,,해당항목없음,해당항목없음,해당항목없음,해당항목없음,,화북일동 11-7
405-2-001081,화북일동,,제주특별자치도 제주시 화북일동 2130-6,33.5141141,126.5631436,유료,success,modu,modu_search_address:exact_or_contains,검색 주소매칭 dist=730.2m / pin=화북동 공영 주차장(0.2m) / 상세OK,157426,화북동 공영 주차장,https://app.modu.kr/map?type=P&id=157426&parkingDate=2026-09-10&durationId=PT1H,00:00 ~ 익일 24:00,정보 없음,제주특별자치도 제주시 화북1동 2130-6,,,,,해당항목없음,해당항목없음,해당항목없음,해당항목없음,,화북일동
405-2-001086,거로,,제주특별자치도 제주시 화북이동 3491-2,33.5100978,126.5626629,유료,success,modu,modu_search_address:exact_or_contains,검색 주소매칭 dist=671.2m / pin=화북동 공영 주차장(233.8m) / 상세OK,157479,화북동 공영 주차장,https://app.modu.kr/map?type=P&id=157479&parkingDate=2026-09-10&durationId=PT1H,00:00 ~ 익일 24:00,정보 없음,제주특별자치도 제주시 화북2동 3378-4,,,,,해당항목없음,해당항목없음,해당항목없음,해당항목없음,,거로
405-2-001143,도련,,제주특별자치도 제주시 도련일동 1642,33.5077176,126.5880679,유료,success,naver,modu_fail→naver:2_address_match,modu실패 후 네이버 매칭 / 주소일치(exact_or_contains) query=도련 주차장,,도련공영주차장,https://map.naver.com/p/entry/place/1605237597,,,제주 제주시 도련일동 1642,,,,,,,,,,도련 | 도련 주차장 | 제주시 도련 | 제주시 도련 주차장 | 제주시 도련일동 1642 주차장 | 도련일동 1642 주차장
405-2-001211,아라일동 6083-3,,제주특별자치도 제주시 아라일동 6083-3,33.4719993,126.5441532,유료,success,modu,modu_search_address:exact_or_contains,검색 주소매칭 dist=3.8m / pin=아라동 공영 주차장(1.8m) / 상세OK,226861,아라동 공영 주차장,https://app.modu.kr/map?type=P&id=226861&parkingDate=2026-09-10&durationId=PT1H,00:00 ~ 익일 24:00,정보 없음,제주특별자치도 제주시 아라1동6083-3,,,,,해당항목없음,해당항목없음,해당항목없음,해당항목없음,,아라일동 6083-3
405-2-001212,아라일동 6084-7,,제주특별자치도 제주시 아라일동 6084-7,33.4721414,126.5436196,유료,success,modu,modu_search_address:exact_or_contains,검색 주소매칭 dist=0.4m / pin=아라동 공영 주차장(48.6m) / 상세OK,226861,아라동 공영 주차장,https://app.modu.kr/map?type=P&id=226861&parkingDate=2026-09-10&durationId=PT1H,00:00 ~ 익일 24:00,정보 없음,제주특별자치도 제주시 아라1동6083-3,,,,,해당항목없음,해당항목없음,해당항목없음,해당항목없음,,아라일동 6084-7
405-2-001217,아란길,,제주특별자치도 제주시 아라일동 6093-4,33.4735974,126.5447721,유료,success,modu,modu_search_address:exact_or_contains,검색 주소매칭 dist=11.7m / pin=아라동 공영 주차장(9.8m) / 상세OK,226848,아라동 공영 주차장,https://app.modu.kr/map?type=P&id=226848&parkingDate=2026-09-10&durationId=PT1H,00:00 ~ 익일 24:00,정보 없음,제주특별자치도 제주시 아라1동6093-4,,,,,해당항목없음,해당항목없음,해당항목없음,해당항목없음,,아란길
405-2-001223,아라동주민센터,,제주특별자치도 제주시 아라일동 6103-6,33.4763046,126.5449897,유료,success,modu,modu_search_coord,검색 좌표근접 dist=8.2m / pin=아라동 공영 주차장(2.7m) / 상세OK,226863,아라동 공영 주차장,https://app.modu.kr/map?type=P&id=226863&parkingDate=2026-09-10&durationId=PT1H,00:00 ~ 익일 24:00,정보 없음,제주특별자치도 제주시 아라1동6103-6,,,,,해당항목없음,해당항목없음,해당항목없음,해당항목없음,,아라동주민센터 | 아라동주민센터 주차장 | 제주시 아라동주민센터 | 제주시 아라동주민센터 주차장 | 제주시 아라일동 6103-6 주차장 | 아라일동 6103-6 주차장
405-2-001227,아라일동 6106-3,,제주특별자치도 제주시 아라일동 6106-3,33.475195,126.5465308,유료,success,modu,modu_search_address:exact_or_contains,검색 주소매칭 dist=6.1m / pin=아라동 공영 주차장(13.8m) / 상세OK,226849,아라동 공영 주차장,https://app.modu.kr/map?type=P&id=226849&parkingDate=2026-09-10&durationId=PT1H,00:00 ~ 익일 24:00,정보 없음,제주특별자치도 제주시 아라일동 6173,,,,,해당항목없음,해당항목없음,해당항목없음,해당항목없음,,아라일동 6106-3
405-2-001233,아라일동 6111,,제주특별자치도 제주시 아라일동 6111,33.4764798,126.5486955,유료,success,modu,modu_search_address:exact_or_contains,검색 주소매칭 dist=5.9m / pin=아라동 공영 주차장(9.5m) / 상세OK,226850,아라동 공영 주차장,https://app.modu.kr/map?type=P&id=226850&parkingDate=2026-09-10&durationId=PT1H,00:00 ~ 익일 24:00,정보 없음,제주특별자치도 제주시 아라일동 6111,,,,,해당항목없음,해당항목없음,해당항목없음,해당항목없음,,아라일동 6111
405-2-001236,아라일동 6114-5,,제주특별자치도 제주시 아라일동 6114-5,33.4751984,126.5485874,유료,success,modu,modu_search_address:exact_or_contains,검색 주소매칭 dist=6.7m / pin=아라동 공영 주차장(2.1m) / 상세OK,226851,아라동 공영 주차장,https://app.modu.kr/map?type=P&id=226851&parkingDate=2026-09-10&durationId=PT1H,00:00 ~ 익일 24:00,정보 없음,제주특별자치도 제주시 아라1동6114-5,,,,,해당항목없음,해당항목없음,해당항목없음,해당항목없음,,아라일동 6114-5
405-2-001248,아라일동 6123,,제주특별자치도 제주시 아라일동 6123,33.4738181,126.5516867,유료,success,modu,modu_search_address:exact_or_contains,검색 주소매칭 dist=1.4m / pin=아라동 공영 주차장(19.7m) / 상세OK,226852,아라동 공영 주차장,https://app.modu.kr/map?type=P&id=226852&parkingDate=2026-09-10&durationId=PT1H,00:00 ~ 익일 24:00,정보 없음,제주특별자치도 제주시 아라일동 6123,,,,,해당항목없음,해당항목없음,해당항목없음,해당항목없음,,아라일동 6123
405-2-001270,아라신설로4길제1,,제주특별자치도 제주시 아라이동 3002-1,33.4935492,126.542469,유료,success,modu,modu_search_address:exact_or_contains,검색 주소매칭 dist=9.4m / pin=아라동 공영 주차장(1.3m) / 상세OK,157463,아라동 공영 주차장,https://app.modu.kr/map?type=P&id=157463&parkingDate=2026-09-10&durationId=PT1H,00:00 ~ 익일 24:00,정보 없음,제주특별자치도 제주시 아라2동 3002-1,,,,,해당항목없음,해당항목없음,해당항목없음,해당항목없음,,아라신설로4길제1
405-2-001271,아라신설로4길제2,,제주특별자치도 제주시 아라이동 3002-9,33.492711,126.5432949,유료,success,modu,modu_search_address:exact_or_contains,검색 주소매칭 dist=1.4m / pin=아라동 공영 주차장(0.0m) / 상세OK,157464,아라동 공영 주차장,https://app.modu.kr/map?type=P&id=157464&parkingDate=2026-09-10&durationId=PT1H,00:00 ~ 익일 24:00,정보 없음,제주특별자치도 제주시 아라2동 3002-9,,,,,해당항목없음,해당항목없음,해당항목없음,해당항목없음,,아라신설로4길제2 | 아라신설로4길제2 주차장 | 제주시 아라신설로4길제2 | 제주시 아라신설로4길제2 주차장 | 제주시 아라이동 3002-9 주차장
405-2-001273,아라이동 3008-1,,제주특별자치도 제주시 아라이동 3008-1,33.4916431,126.5443067,유료,success,modu,modu_search_address:exact_or_contains,검색 주소매칭 dist=3.2m / pin=아라동 공영 주차장(0.1m) / 상세OK,157466,아라동 공영 주차장,https://app.modu.kr/map?type=P&id=157466&parkingDate=2026-09-10&durationId=PT1H,00:00 ~ 익일 24:00,정보 없음,제주특별자치도 제주시 아라2동 3008-1,,,,,해당항목없음,해당항목없음,해당항목없음,해당항목없음,,아라이동 3008-1
405-2-001286,오라일동 2440-12,,제주특별자치도 제주시 오라일동 2440-12,33.4995952,126.5135555,유료,success,modu,modu_search_address:exact_or_contains,검색 주소매칭 dist=2.1m / pin=투루파킹 제주시외버스터미널1 주차장(87.3m) / 상세OK,203775,투루파킹 제주시외버스터미널1 주차장,https://app.modu.kr/map?type=P&id=203775&parkingDate=2026-09-10&durationId=PT1H,00:00 ~ 익일 24:00,"1시간 기준 2,000원",제주특별자치도 제주시 서광로 174,없음,"30분 1,000원","30분당 1,000원",해당항목없음,00:00 ~ 24:00,00:00 ~ 24:00,00:00 ~ 24:00,00:00 ~ 24:00,카드결제,오라일동 2440-12
405-2-001291,사평 제1,,제주특별자치도 제주시 오라이동 1326,33.4916289,126.5119355,유료,success,modu,modu_search_address:exact_or_contains,검색 주소매칭 dist=7.5m / pin=제주 오라점(191.1m) / 상세OK,264726,제주 오라점,https://app.modu.kr/map?type=P&id=264726&parkingDate=2026-09-10&durationId=PT1H,,정보 없음,제주특별자치도 제주시 연삼로 171,,,,,해당항목없음,해당항목없음,해당항목없음,해당항목없음,,사평 제1
405-2-001306,연동 1458-2,,제주특별자치도 제주시 연동 1458-2,33.4811577,126.4907795,유료,success,modu,modu_search_address:exact_or_contains,검색 주소매칭 dist=1.4m / pin=연동 공영 주차장(1.5m) / 상세OK,157373,연동 공영 주차장,https://app.modu.kr/map?type=P&id=157373&parkingDate=2026-09-10&durationId=PT1H,00:00 ~ 익일 24:00,정보 없음,제주특별자치도 제주시 연동 1458-2,,,,,해당항목없음,해당항목없음,해당항목없음,해당항목없음,,연동 1458-2
405-2-001308,연동 국기로제1,,제주특별자치도 제주시 연동 1499,33.4786707,126.4905725,유료,success,modu,modu_search_address:exact_or_contains,검색 주소매칭 dist=40.7m / pin=연동 국기로 제1 공영 주차장(0.0m) / 상세OK,157376,연동 국기로 제1 공영 주차장,https://app.modu.kr/map?type=P&id=157376&parkingDate=2026-09-10&durationId=PT1H,09:00 ~ 18:00,"1시간 기준 1,500원",제주특별자치도 제주시 연동 1517,30분,"15분 1,000원",15분당 500원,해당항목없음,09:00 ~ 18:00,해당항목없음,해당항목없음,해당항목없음,장애인,연동 국기로제1 | 연동 국기로제1 주차장 | 제주시 연동 국기로제1
405-2-001310,연동 국기로제2,,제주특별자치도 제주시 연동 1517,33.4783711,126.4903325,유료,success,modu,modu_search_coord,검색 좌표근접 dist=40.3m / pin=연동 국기로 제2 공영 주차장(0.0m) / 상세OK,157374,연동 국기로 제2 공영 주차장,https://app.modu.kr/map?type=P&id=157374&parkingDate=2026-09-10&durationId=PT1H,09:00 ~ 18:00,"1시간 기준 1,500원",제주특별자치도 제주시 연동 1499,30분,"15분 1,000원",15분당 500원,해당항목없음,09:00 ~ 18:00,해당항목없음,해당항목없음,해당항목없음,장애인,연동 국기로제2 | 연동 국기로제2 주차장 | 제주시 연동 국기로제2 | 제주시 연동 국기로제2 주차장 | 제주시 연동 1517 주차장 | 연동 1517 주차장
405-2-001312,연화로,,제주특별자치도 제주시 연동 1519-2,33.4776789,126.4892881,유료,success,modu,modu_search_address:exact_or_contains,검색 주소매칭 dist=1.5m / pin=연동 연화로 공영 주차장(0.0m) / 상세OK,157377,연동 연화로 공영 주차장,https://app.modu.kr/map?type=P&id=157377&parkingDate=2026-09-10&durationId=PT1H,09:00 ~ 18:00,"1시간 기준 2,000원",제주특별자치도 제주시 연동 1519-2,해당항목없음,"30분 1,000원",15분당 500원,해당항목없음,09:00 ~ 18:00,해당항목없음,해당항목없음,해당항목없음,,연화로 | 연화로 주차장
405-2-001316,연동 도령북길,,제주특별자치도 제주시 연동 2305-7,33.4933634,126.4872608,유료,success,modu,modu_search_address:exact_or_contains,검색 주소매칭 dist=6.3m / pin=삼오한마음APT북측 공영 주차장(1.3m) / 상세OK,157379,삼오한마음APT북측 공영 주차장,https://app.modu.kr/map?type=P&id=157379&parkingDate=2026-09-10&durationId=PT1H,00:00 ~ 익일 24:00,정보 없음,제주특별자치도 제주시 연동 2305-7,,,,,00:00 ~ 24:00,해당항목없음,해당항목없음,해당항목없음,,연동 도령북길 | 연동 도령북길 주차장 | 제주시 연동 도령북길
405-2-001317,성신로,,제주특별자치도 제주시 연동 2322-7,33.4910803,126.4860221,유료,success,modu,modu_search_address:exact_or_contains,검색 주소매칭 dist=5.0m / pin=성신로 공영 주차장(2.8m) / 상세OK,157579,성신로 공영 주차장,https://app.modu.kr/map?type=P&id=157579&parkingDate=2026-09-10&durationId=PT1H,09:00 ~ 18:00,"1시간 기준 2,000원",제주특별자치도 제주시 연동 2322-7,30분,해당항목없음,15분당 500원,해당항목없음,09:00 ~ 18:00,해당항목없음,해당항목없음,해당항목없음,장애인,성신로 | 성신로 주차장
405-2-001319,신제주,,제주특별자치도 제주시 연동 272-31,33.4890345,126.491463,유료,success,modu,modu_search_address:exact_or_contains,검색 주소매칭 dist=3.4m / pin=신제주 공영 주차장(0.0m) / 상세OK,157572,신제주 공영 주차장,https://app.modu.kr/map?type=P&id=157572&parkingDate=2026-09-10&durationId=PT1H,12:00 ~ 22:00,"1시간 기준 2,000원",제주특별자치도 제주시 신대로12길 52,30분,해당항목없음,15분당 500원,해당항목없음,12:00 ~ 22:00,12:00 ~ 22:00,12:00 ~ 22:00,12:00 ~ 22:00,장애인,신제주 | 신제주 주차장
405-2-001404,연동 1373-2,,제주특별자치도 제주시 연동 1373-2,33.4821397,126.4928014,유료,success,modu,modu_search_address:exact_or_contains,검색 주소매칭 dist=1.3m / pin=나이스파크 제주 트리플시티 주차장(123.9m) / 상세OK,267519,나이스파크 제주 트리플시티 주차장,https://app.modu.kr/map?type=P&id=267519&parkingDate=2026-09-10&durationId=PT1H,00:00 ~ 익일 24:00,"1시간 기준 3,000원",제주특별자치도 제주시 연북로 106,해당항목없음,"30분 1,500원","30분당 1,500원",해당항목없음,00:00 ~ 24:00,00:00 ~ 24:00,00:00 ~ 24:00,00:00 ~ 24:00,카드결제,연동 1373-2
405-2-001408,"연동 291-19, 291-23",,제주특별자치도 제주시 연동 291-19,33.4906082,126.4953154,유료,success,modu,modu_search_address:exact_or_contains,검색 주소매칭 dist=7.4m / pin=연동 공영 주차장(13.0m) / 상세OK,157420,연동 공영 주차장,https://app.modu.kr/map?type=P&id=157420&parkingDate=2026-09-10&durationId=PT1H,00:00 ~ 익일 24:00,정보 없음,제주특별자치도 제주시 연동 291-21,,,,,해당항목없음,해당항목없음,해당항목없음,해당항목없음,,"연동 291-19, 291-23"
405-2-001412,노형 제3,,제주특별자치도 제주시 노형동 1043-1,33.4895973,126.476496,유료,success,modu,modu_search_address:exact_or_contains,검색 주소매칭 dist=13.4m / pin=노형 제3 공영 주차장(1.5m) / 상세OK,157401,노형 제3 공영 주차장,https://app.modu.kr/map?type=P&id=157401&parkingDate=2026-09-10&durationId=PT1H,09:00 ~ 18:00,"1시간 기준 2,000원",제주특별자치도 제주시 노형동 1043-1,30분,해당항목없음,15분당 500원,해당항목없음,09:00 ~ 18:00,해당항목없음,해당항목없음,해당항목없음,장애인,노형 제3
405-2-001414,월랑마을 제1,,제주특별자치도 제주시 노형동 1280-4,33.4870243,126.4786623,유료,needs_confirm,modu,modu_search_coord_near,검색 좌표근접 dist=115.4m / pin=월랑마을 제2 공한지 공영 주차장(5.4m) / 상세OK,226664,월랑마을 제2 공한지 공영 주차장,https://app.modu.kr/map?type=P&id=226664&parkingDate=2026-09-10&durationId=PT1H,09:00 ~ 18:00,"1시간 기준 2,000원",제주특별자치도 제주시 노형동 1280-4,30분,해당항목없음,15분당 500원,해당항목없음,09:00 ~ 18:00,해당항목없음,해당항목없음,해당항목없음,장애인,월랑마을 제1 | 월랑마을 제1 주차장 | 제주시 월랑마을 제1 | 제주시 월랑마을 제1 주차장 | 제주시 노형동 1280-4 주차장 | 노형동 1280-4 주차장
405-2-001416,노형 제1,,제주특별자치도 제주시 노형동 1282-1,33.4863942,126.4777136,유료,success,modu,modu_search_address:exact_or_contains,검색 주소매칭 dist=0.8m / pin=노형 제1 공영 주차장(1.2m) / 상세OK,157402,노형 제1 공영 주차장,https://app.modu.kr/map?type=P&id=157402&parkingDate=2026-09-10&durationId=PT1H,09:00 ~ 18:00,"1시간 기준 2,000원",제주특별자치도 제주시 노형동 1282-1,30분,해당항목없음,15분당 500원,해당항목없음,09:00 ~ 18:00,해당항목없음,해당항목없음,해당항목없음,장애인,노형 제1
405-2-001417,월랑마을 제2,,제주특별자치도 제주시 노형동 1289-4,33.4867583,126.4789648,유료,success,modu,modu_search_coord,검색 좌표근접 dist=36.8m / pin=월랑마을 제2 공한지 공영 주차장(0.0m) / 상세OK,226664,월랑마을 제2 공한지 공영 주차장,https://app.modu.kr/map?type=P&id=226664&parkingDate=2026-09-10&durationId=PT1H,09:00 ~ 18:00,"1시간 기준 2,000원",제주특별자치도 제주시 노형동 1280-4,30분,해당항목없음,15분당 500원,해당항목없음,09:00 ~ 18:00,해당항목없음,해당항목없음,해당항목없음,장애인,월랑마을 제2 | 월랑마을 제2 주차장 | 제주시 월랑마을 제2 | 제주시 월랑마을 제2 주차장 | 제주시 노형동 1289-4 주차장 | 노형동 1289-4 주차장
405-2-001418,노형 제2,,제주특별자치도 제주시 노형동 1290-3,33.4872972,126.4798118,유료,success,modu,modu_search_address:exact_or_contains,검색 주소매칭 dist=4.6m / pin=노형 제2 공영 주차장(2.0m) / 상세OK,157400,노형 제2 공영 주차장,https://app.modu.kr/map?type=P&id=157400&parkingDate=2026-09-10&durationId=PT1H,09:00 ~ 18:00,"1시간 기준 2,000원",제주특별자치도 제주시 월랑로2길 1,30분,해당항목없음,15분당 500원,해당항목없음,09:00 ~ 18:00,해당항목없음,해당항목없음,해당항목없음,장애인,노형 제2
405-2-001419,노형동 1293-2,,제주특별자치도 제주시 노형동 1293-2,33.4886927,126.4823887,유료,success,modu,modu_search_address:exact_or_contains,검색 주소매칭 dist=2.6m / pin=노형동 공영 주차장(0.2m) / 상세OK,157399,노형동 공영 주차장,https://app.modu.kr/map?type=P&id=157399&parkingDate=2026-09-10&durationId=PT1H,00:00 ~ 익일 24:00,정보 없음,제주특별자치도 제주시 노형동 1293-2,,,,,해당항목없음,해당항목없음,해당항목없음,해당항목없음,,노형동 1293-2
405-2-001420,종남,,제주특별자치도 제주시 노형동 2512-1,33.4841771,126.4714328,유료,success,modu,modu_pins:name+coord,좌표 핀매칭 dist=1.8m seq=157403 / 상세OK,157403,종남 공영 주차장,https://app.modu.kr/map?type=P&id=157403&parkingDate=2026-09-10&durationId=PT1H,09:00 ~ 18:00,"1시간 기준 2,000원",제주특별자치도 제주시 노형동 2512-1,30분,해당항목없음,15분당 500원,해당항목없음,09:00 ~ 18:00,해당항목없음,해당항목없음,해당항목없음,장애인,종남 | 종남 주차장 | 제주시 종남 | 제주시 종남 주차장 | 제주시 노형동 2512-1 주차장 | 노형동 2512-1 주차장
405-2-001421,웅전,,제주특별자치도 제주시 노형동 2517-1,33.4825149,126.4718778,유료,needs_confirm,modu,modu_search_coord_near,검색 좌표근접 dist=92.9m / pin=웅전 공영 주차장(1.8m) / 상세OK,157404,웅전 공영 주차장,https://app.modu.kr/map?type=P&id=157404&parkingDate=2026-09-10&durationId=PT1H,09:00 ~ 18:00,"1시간 기준 2,000원",제주특별자치도 제주시 노형동 2517-1,30분,해당항목없음,15분당 500원,해당항목없음,09:00 ~ 18:00,해당항목없음,해당항목없음,해당항목없음,장애인,웅전 | 웅전 주차장 | 제주시 웅전 | 제주시 웅전 주차장 | 제주시 노형동 2517-1 주차장 | 노형동 2517-1 주차장
405-2-001422,수덕,,제주특별자치도 제주시 노형동 2534-3,33.4836153,126.4743019,유료,success,modu,modu_search_address:exact_or_contains,검색 주소매칭 dist=4.4m / pin=수덕 공영 주차장(2.6m) / 상세OK,157406,수덕 공영 주차장,https://app.modu.kr/map?type=P&id=157406&parkingDate=2026-09-10&durationId=PT1H,09:00 ~ 18:00,"1시간 기준 2,000원",제주특별자치도 제주시 노형동 2534-3,30분,해당항목없음,15분당 500원,해당항목없음,09:00 ~ 18:00,해당항목없음,해당항목없음,해당항목없음,장애인,수덕 | 수덕 주차장
405-2-001423,서가름,,제주특별자치도 제주시 노형동 2575-1,33.4906206,126.4731588,유료,success,modu,modu_pins:name+coord,좌표 핀매칭 dist=0.2m seq=157407 / 상세OK,157407,서가름 공영 주차장,https://app.modu.kr/map?type=P&id=157407&parkingDate=2026-09-10&durationId=PT1H,09:00 ~ 18:00,"1시간 기준 2,000원",제주특별자치도 제주시 노형동 2575-1,30분,해당항목없음,15분당 500원,해당항목없음,09:00 ~ 18:00,해당항목없음,해당항목없음,해당항목없음,장애인,서가름 | 서가름 주차장 | 제주시 서가름 | 제주시 서가름 주차장 | 제주시 노형동 2575-1 주차장 | 노형동 2575-1 주차장
405-2-001424,노형 제4,,제주특별자치도 제주시 노형동 2580-1,33.4889708,126.4750287,유료,success,modu,modu_search_address:exact_or_contains,검색 주소매칭 dist=0.2m / pin=노형 제4 공영 주차장(0.0m) / 상세OK,157408,노형 제4 공영 주차장,https://app.modu.kr/map?type=P&id=157408&parkingDate=2026-09-10&durationId=PT1H,09:00 ~ 18:00,"1시간 기준 2,000원",제주특별자치도 제주시 노형동 2580-1,30분,해당항목없음,15분당 500원,해당항목없음,09:00 ~ 18:00,해당항목없음,해당항목없음,해당항목없음,장애인,노형 제4
405-2-001425,노형동 2589-1,,제주특별자치도 제주시 노형동 2589-1,33.483555,126.4701118,유료,success,modu,modu_search_address:exact_or_contains,검색 주소매칭 dist=1.8m / pin=노형동 공영 주차장(1.2m) / 상세OK,157409,노형동 공영 주차장,https://app.modu.kr/map?type=P&id=157409&parkingDate=2026-09-10&durationId=PT1H,00:00 ~ 익일 24:00,정보 없음,제주특별자치도 제주시 노형동 2589-1,,,,,해당항목없음,해당항목없음,해당항목없음,해당항목없음,,노형동 2589-1
405-2-001429,노형동 2595-7,,제주특별자치도 제주시 노형동 2595-7,33.481813,126.4719921,유료,success,modu,modu_search_address:exact_or_contains,검색 주소매칭 dist=1.9m / pin=노형동 공영 주차장(1.6m) / 상세OK,157410,노형동 공영 주차장,https://app.modu.kr/map?type=P&id=157410&parkingDate=2026-09-10&durationId=PT1H,00:00 ~ 익일 24:00,정보 없음,제주특별자치도 제주시 노형동 2595-7,,,,,해당항목없음,해당항목없음,해당항목없음,해당항목없음,,노형동 2595-7
405-2-001430,정존,,제주특별자치도 제주시 노형동 2612-2,33.4854762,126.4747532,유료,success,modu,modu_search_address:exact_or_contains,검색 주소매칭 dist=0.0m / pin=노형 정존 공영 주차장(3.1m) / 상세OK,235179,노형 정존 공영 주차장,https://app.modu.kr/map?type=P&id=235179&parkingDate=2026-09-10&durationId=PT1H,09:00 ~ 18:00,"1시간 기준 2,000원",제주특별자치도 제주시 수덕5길 34,30분,해당항목없음,15분당 500원,해당항목없음,09:00 ~ 18:00,해당항목없음,해당항목없음,해당항목없음,장애인,정존
405-2-001431,노형로,,제주특별자치도 제주시 노형동 3780,33.4849028,126.4781843,유료,success,modu,modu_search_address:exact_or_contains,검색 주소매칭 dist=3.7m / pin=노형로 공영 주차장(20.2m) / 상세OK,235212,노형로 공영 주차장,https://app.modu.kr/map?type=P&id=235212&parkingDate=2026-09-10&durationId=PT1H,09:00 ~ 18:00,"1시간 기준 2,000원",제주특별자치도 제주시 노형동 3816,30분,해당항목없음,15분당 500원,해당항목없음,09:00 ~ 18:00,해당항목없음,해당항목없음,해당항목없음,장애인,노형로 | 노형로 주차장
405-2-001433,초남,,제주특별자치도 제주시 노형동 3782,33.4841885,126.4786565,유료,success,modu,modu_search_address:exact_or_contains,검색 주소매칭 dist=5.5m / pin=초남 공영 주차장(2.7m) / 상세OK,226673,초남 공영 주차장,https://app.modu.kr/map?type=P&id=226673&parkingDate=2026-09-10&durationId=PT1H,09:00 ~ 18:00,"1시간 기준 2,000원",제주특별자치도 제주시 노형11길 5-4,30분,해당항목없음,15분당 500원,해당항목없음,09:00 ~ 18:00,해당항목없음,해당항목없음,해당항목없음,장애인,초남
405-2-001439,노형동 3792,,제주특별자치도 제주시 노형동 3792,33.4830207,126.4778549,유료,success,modu,modu_search_address:exact_or_contains,검색 주소매칭 dist=3.3m / pin=아마노 노형택지1 주차장(46.8m) / 상세OK,268172,아마노 노형택지1 주차장,https://app.modu.kr/map?type=P&id=268172&parkingDate=2026-09-10&durationId=PT1H,00:00 ~ 익일 24:00,"1시간 기준 3,000원",제주특별자치도 제주시 노형동 3792-2,해당항목없음,10분 0원,"20분당 1,000원",해당항목없음,00:00 ~ 24:00,00:00 ~ 24:00,00:00 ~ 24:00,00:00 ~ 24:00,,노형동 3792
405-2-001440,노형 제5,,제주특별자치도 제주시 노형동 3793,33.4832771,126.4768205,유료,success,modu,modu_search_address:exact_or_contains,검색 주소매칭 dist=4.6m / pin=노형동주민센터 공영 주차장(33.3m) / 상세OK,157435,노형동주민센터 공영 주차장,https://app.modu.kr/map?type=P&id=157435&parkingDate=2026-09-10&durationId=PT1H,09:00 ~ 18:00,"1시간 기준 2,000원",제주특별자치도 제주시 노형9길 9-4,30분,해당항목없음,15분당 500원,해당항목없음,09:00 ~ 18:00,해당항목없음,해당항목없음,해당항목없음,장애인,노형 제5
405-2-001471,노형동 3812-3,,제주특별자치도 제주시 노형동 3812-3,33.4787776,126.4762825,유료,success,modu,modu_search_address:exact_or_contains,검색 주소매칭 dist=10.3m / pin=노형동 공영 주차장(2.2m) / 상세OK,226843,노형동 공영 주차장,https://app.modu.kr/map?type=P&id=226843&parkingDate=2026-09-10&durationId=PT1H,00:00 ~ 익일 24:00,정보 없음,제주특별자치도 제주시 노형동3812-3,,,,,해당항목없음,해당항목없음,해당항목없음,해당항목없음,,노형동 3812-3
405-2-001474,노형동 710-4,,제주특별자치도 제주시 노형동 710-4,33.4823641,126.4845346,유료,success,modu,modu_search_address:exact_or_contains,검색 주소매칭 dist=3.2m / pin=원노형 푸른 제1 공영 주차장(1.0m) / 상세OK,157396,원노형 푸른 제1 공영 주차장,https://app.modu.kr/map?type=P&id=157396&parkingDate=2026-09-10&durationId=PT1H,09:00 ~ 18:00,"1시간 기준 2,000원",제주특별자치도 제주시 노형동 710-4,30분,해당항목없음,15분당 500원,해당항목없음,09:00 ~ 18:00,해당항목없음,해당항목없음,해당항목없음,장애인,노형동 710-4
405-2-001475,노형동 726-3,,제주특별자치도 제주시 노형동 726-3,33.4815905,126.4868754,유료,success,modu,modu_search_address:exact_or_contains,검색 주소매칭 dist=2.6m / pin=연동크리닉 민영 주차장(107.5m) / 상세OK,105321,연동크리닉 민영 주차장,https://app.modu.kr/map?type=P&id=105321&parkingDate=2026-09-10&durationId=PT1H,08:00 ~ 20:30,"1시간 기준 3,000원",제주특별자치도 제주시 과원북4길 31,없음,"30분 1,500원",10분당 500원,해당항목없음,08:00 ~ 20:30,08:00 ~ 15:00,13:30 ~ 18:00,08:00 ~ 15:00,,노형동 726-3
405-2-001476,원노형푸른 제5,,제주특별자치도 제주시 노형동 736,33.4788736,126.4798744,유료,success,modu,modu_search_address:exact_or_contains,검색 주소매칭 dist=0.8m / pin=원노형 푸른 제5 공영 주차장(0.0m) / 상세OK,157397,원노형 푸른 제5 공영 주차장,https://app.modu.kr/map?type=P&id=157397&parkingDate=2026-09-10&durationId=PT1H,09:00 ~ 18:00,"1시간 기준 2,000원",제주특별자치도 제주시 노형동 736,30분,해당항목없음,15분당 500원,해당항목없음,09:00 ~ 18:00,해당항목없음,해당항목없음,해당항목없음,,원노형푸른 제5
405-2-001477,원노형푸른 제3,,제주특별자치도 제주시 노형동 740-2,33.479183,126.4817164,유료,success,modu,modu_search_address:exact_or_contains,검색 주소매칭 dist=0.2m / pin=원노형 푸른 제3 공영 주차장(0.0m) / 상세OK,157477,원노형 푸른 제3 공영 주차장,https://app.modu.kr/map?type=P&id=157477&parkingDate=2026-09-10&durationId=PT1H,09:00 ~ 18:00,"1시간 기준 2,000원",제주특별자치도 제주시 노형동 740-2,30분,해당항목없음,15분당 500원,해당항목없음,09:00 ~ 18:00,해당항목없음,해당항목없음,해당항목없음,,원노형푸른 제3
405-2-001478,원노형푸른 제4,,제주특별자치도 제주시 노형동 751,33.4777489,126.4798492,유료,success,modu,modu_search_address:exact_or_contains,검색 주소매칭 dist=17.3m / pin=원노형 푸른 제4 공영 주차장(0.0m) / 상세OK,157398,원노형 푸른 제4 공영 주차장,https://app.modu.kr/map?type=P&id=157398&parkingDate=2026-09-10&durationId=PT1H,09:00 ~ 18:00,"1시간 기준 2,000원",제주특별자치도 제주시 진군3길 10,30분,해당항목없음,15분당 500원,해당항목없음,09:00 ~ 18:00,해당항목없음,해당항목없음,해당항목없음,,원노형푸른 제4
405-2-001485,947 북측,,제주특별자치도 제주시 노형동 947,33.4858749,126.4863632,유료,success,modu,modu_search_address:exact_or_contains,검색 주소매칭 dist=183.4m / pin=성일 주차장(135.3m) / 상세OK,269678,성일 주차장,https://app.modu.kr/map?type=P&id=269678&parkingDate=2026-09-10&durationId=PT1H,00:00 ~ 익일 24:00,"1시간 기준 5,000원",제주특별자치도 제주시 연동4길 8,해당항목없음,"30분 2,000원","10분당 1,000원",해당항목없음,00:00 ~ 24:00,00:00 ~ 24:00,00:00 ~ 24:00,00:00 ~ 24:00,카드결제,947 북측
405-1-001486,노형오거리,,제주특별자치도 제주시 노형동 1297-5,33.4879455,126.4771747,유료,success,modu,modu_search_address:exact_or_contains,검색 주소매칭 dist=309.4m / pin=노형오거리 노상 공영 주차장(70.2m) / 상세OK,226633,노형오거리 노상 공영 주차장,https://app.modu.kr/map?type=P&id=226633&parkingDate=2026-09-10&durationId=PT1H,09:00 ~ 18:00,"1시간 기준 2,000원",제주특별자치도 제주시 노형동 1297-5,30분,해당항목없음,15분당 500원,해당항목없음,09:00 ~ 18:00,해당항목없음,해당항목없음,해당항목없음,장애인,노형오거리
405-2-001494,런던물류,,제주특별자치도 제주시 노형동 1047-1,33.491565,126.4796906,유료,needs_confirm,modu,modu_pins:coord,좌표 핀매칭 dist=246.9m seq=157378 / 상세OK,157378,신광초등학교서측 공영 주차장,https://app.modu.kr/map?type=P&id=157378&parkingDate=2026-09-10&durationId=PT1H,00:00 ~ 익일 24:00,정보 없음,제주특별자치도 제주시 연동 1957-1,,,,,해당항목없음,해당항목없음,해당항목없음,해당항목없음,,런던물류 | 런던물류 주차장 | 제주시 런던물류 | 제주시 런던물류 주차장 | 제주시 노형동 1047-1 주차장 | 노형동 1047-1 주차장
405-2-001495,947 남측,,제주특별자치도 제주시 노형동 947,33.4858749,126.4863632,유료,success,modu,modu_search_address:exact_or_contains,검색 주소매칭 dist=263.7m / pin=성일 주차장(135.3m) / 상세OK,269678,성일 주차장,https://app.modu.kr/map?type=P&id=269678&parkingDate=2026-09-10&durationId=PT1H,00:00 ~ 익일 24:00,"1시간 기준 5,000원",제주특별자치도 제주시 연동4길 8,해당항목없음,"30분 2,000원","10분당 1,000원",해당항목없음,00:00 ~ 24:00,00:00 ~ 24:00,00:00 ~ 24:00,00:00 ~ 24:00,카드결제,947 남측
405-1-001496,원노형 10길,제주특별자치도 제주시 원노형 10길 32,,33.4832777,126.4861271,유료,success,modu,modu_search_coord,검색 좌표근접 dist=39.2m / pin=원노형 푸른 제1 공영 주차장(180.3m) / 상세OK,157396,원노형 푸른 제1 공영 주차장,https://app.modu.kr/map?type=P&id=157396&parkingDate=2026-09-10&durationId=PT1H,09:00 ~ 18:00,"1시간 기준 2,000원",제주특별자치도 제주시 노형동 710-4,30분,해당항목없음,15분당 500원,해당항목없음,09:00 ~ 18:00,해당항목없음,해당항목없음,해당항목없음,장애인,원노형 10길 | 원노형 10길 주차장 | 제주시 원노형 10길 | 제주시 원노형 10길 주차장
405-2-001504,외도일동 440-7,,제주특별자치도 제주시 외도일동 440-7,33.4906063,126.4285335,유료,success,modu,modu_search_address:exact_or_contains,검색 주소매칭 dist=1.6m / pin=외도동 공영 주차장(0.4m) / 상세OK,157384,외도동 공영 주차장,https://app.modu.kr/map?type=P&id=157384&parkingDate=2026-09-10&durationId=PT1H,00:00 ~ 익일 24:00,정보 없음,제주특별자치도 제주시 외도1동 440-7,,,,,해당항목없음,해당항목없음,해당항목없음,해당항목없음,,외도일동 440-7
405-2-001508,외도일동 448-3,,제주특별자치도 제주시 외도일동 448-3,33.4916495,126.432219,유료,success,modu,modu_search_address:exact_or_contains,검색 주소매칭 dist=10.5m / pin=외도동 공영 주차장(1.3m) / 상세OK,157385,외도동 공영 주차장,https://app.modu.kr/map?type=P&id=157385&parkingDate=2026-09-10&durationId=PT1H,00:00 ~ 익일 24:00,정보 없음,제주특별자치도 제주시 외도1동 448-3,,,,,해당항목없음,해당항목없음,해당항목없음,해당항목없음,,외도일동 448-3
405-2-001522,외도동 제1,,제주특별자치도 제주시 외도일동 559-1,33.4868021,126.4317608,유료,success,modu,modu_search_address:exact_or_contains,검색 주소매칭 dist=8.0m / pin=외도동 공영 주차장(1.6m) / 상세OK,157393,외도동 공영 주차장,https://app.modu.kr/map?type=P&id=157393&parkingDate=2026-09-10&durationId=PT1H,00:00 ~ 익일 24:00,정보 없음,제주특별자치도 제주시 외도1동 559-1,,,,,해당항목없음,해당항목없음,해당항목없음,해당항목없음,,외도동 제1
405-2-001576,도두일동 2630,,제주특별자치도 제주시 도두일동 2630,33.5059331,126.4653145,유료,success,modu,modu_search_address:exact_or_contains,검색 주소매칭 dist=15.7m / pin=도두매립 1 공영 주차장(3.0m) / 상세OK,157322,도두매립 1 공영 주차장,https://app.modu.kr/map?type=P&id=157322&parkingDate=2026-09-10&durationId=PT1H,00:00 ~ 익일 24:00,정보 없음,제주특별자치도 제주시 도두1동 2630,,,,,해당항목없음,해당항목없음,해당항목없음,해당항목없음,,도두일동 2630
