contentid,contenttypeid,contenttype,title,addr1,addr2,zipcode,tel,mapx,mapy,mlevel,firstimage,firstimage2,cpyrhtDivCd,createdtime,modifiedtime,lDongRegnCd,lDongSignguCd,lclsSystm1,lclsSystm2,lclsSystm3,homepage,telname,overview,with_parking,with_publictransport,with_route,with_ticketoffice,with_promotion,with_wheelchair,with_exit,with_elevator,with_restroom,with_auditorium,with_room,with_handicapetc,with_braileblock,with_helpdog,with_guidehuman,with_audioguide,with_bigprint,with_brailepromotion,with_guidesystem,with_blindhandicapetc,with_signguide,with_videoguide,with_hearingroom,with_hearinghandicapetc,with_stroller,with_lactationroom,with_babysparechair,with_infantsfamilyetc
126460,12,관광지,관덕정(제주),제주특별자치도 제주시 관덕로 19,,63166,,126.5219575322,33.5132642036,6,https://tong.visitkorea.or.kr/cms/resource/84/4074284_image2_1.jpg,https://tong.visitkorea.or.kr/cms/resource/84/4074284_image3_1.jpg,Type1,20021213090000,20260626172429,50,110,HS,HS01,HS010100,www.visitjeju.net,,"제주도 내에서 오래된 건축물 중의 하나인 보물 관덕정은 조선 시대 세종 30년(1448)에 목사 신숙청이 사졸들을 훈련하고 상무 정신을 함양할 목적으로 이 건물을 세웠다. 관덕정이란 이름은 [사이관덕]이란 문구에서 나온 것으로 활을 쏘는 것은 평화 시에는 심신을 연마하고 유사시에는 나라를 지키는 까닭에 이를 보는 것은 덕행으로 태어난 곳이다. 대들보에는 십장생도, 적벽대첩도, 대수렵도 등의 격조 높은 벽화가 그려져 있고, 편액은 안평대군의 친필로 전해오고 있다.","장애인 주차장 있음(2대,관덕정 서측 공영주차장)",,출입구까지 단차가 없어 휠체어 접근 가능함(일부구간 단차 있음),,,"대여가능(매표소,사전구비문의)",주출입구는 경사로가 설치되어 있음,,장애인 전용 화장실 있음,,,,,,,,,,,,,,,,,,,
2031663,14,문화시설,김만덕기념관,제주특별자치도 제주시 산지로 7,,63278,,126.5304011313,33.5158751460,6,https://tong.visitkorea.or.kr/cms/resource/30/3396630_image2_1.jpg,https://tong.visitkorea.or.kr/cms/resource/30/3396630_image3_1.jpg,Type3,20151001235033,20260827133017,50,110,VE,VE07,VE070200,www.mandukmuseum.or.kr,,"김만덕기념관은 나눔과 베풂을 몸소 실천하시어 이 땅의 대표적 의인의 표상이 되신 김만덕의 삶과 그 정신을 기리고 본받아 널리 전파하기 위한 곳이다. 김만덕의 근검절약정신, 나눔 정신, 개척과 개혁, 개방 정신, 도전정신 그리고 김만덕의 리더십과 경영철학을 배워서 나눔을 체험하고 실천하는 대한민국 최초의 나눔문화전시관이기도 하다.

(출처 : 김만덕기념관 홈페이지)",장애인 전용 주차구역 주차 대수 : 1대주변 휠체어 이용자 등이 이용할 수 있는 여유공간 있음.문화시설까지의 거리 : 바로 앞.,대중교통 이용 가능 : 한우물근린공원 정류장저상버스 없음.,"문화시설 부지 넓음. 이동경로 폭 넓음문화시설 특성상 휠체어, 전동 스쿠터 사용자 이용 쉬움.내부 턱 없음.",,,휠체어대여 가능 (2대구비),"출입통로 형태 : 여닫이문.출입통로가 넓어 휠체어, 전동 스쿠터 사용자 진입 쉬움.경사로 있음.",엘리베이터 있음,"장애인 전용 화장실 있음(1,2층)",,,,,,,,,,,,,,,,유모차대여 가능,,,
2860687,38,쇼핑,동문공설시장,제주특별자치도 제주시 일도일동,1144-28,63264,,126.528198635012,33.5125255009266,6,https://tong.visitkorea.or.kr/cms/resource/88/4068088_image2_1.jpg,https://tong.visitkorea.or.kr/cms/resource/88/4068088_image3_1.jpg,Type1,20220927112135,20260527132605,50,110,SH,SH06,SH060200,,,"제주동문공설시장은 제주에서 오랜 역사를 자랑하는 재래시장 중 하나인 동문재래시장과 연결되어 있어 전통적인 제주 분위기를 느낄 수 있는 명소이다. 감귤, 옥돔, 갈치 등 제주 특산품을 비롯해 흑돼지, 고기국수, 오메기떡 등 지역의 전통 음식도 다양하게 즐길 수 있는 장소이다. 공항으로 가는 길에 들러 선물이나 기념품을 구매하기에 매우 편리하다. 이 때문에 많은 여행객들이 일정의 마지막에 이곳을 방문하곤 한다. 제주동문공설시장은 여러 방송 프로그램에 소개된 바 있으며, 인근에는 삼성혈, 제주 성지, 제주 원도심 등 함께 둘러보기 좋은 관광지도 위치해 있어 여행 코스로도 좋다.",장애인 주차장 있음(공영주차장)_무장애 편의시설,,출입구까지 턱이 없어 휠체어 접근 가능함,,,,주출입구는 턱이 없어 휠체어 접근 가능함,,,,,,,,,,,,,,,,,,,,,
2737330,38,쇼핑,동문수산시장,제주특별자치도 제주시 이도일동 1349-60,,63192,,126.525718313675,33.5123754786102,6,https://tong.visitkorea.or.kr/cms/resource/23/4067923_image2_1.jpg,https://tong.visitkorea.or.kr/cms/resource/23/4067923_image3_1.jpg,Type1,20210830223205,20260526170631,50,110,SH,SH06,SH060200,https://www.visitjeju.net/kr,,"1970년에 개설된 제주 동문수산시장은 당일에 어획된 신선한 수산물을 판매하는 제주에 위치한 수산물 전문시장이다. 주로 제주산 은갈치, 옥돔, 고등어회 등을 판매한다. 전복과 자리와 같은 싱싱한 수산물뿐만 아니라, 젓갈과 건어물 또한 판매하고 있다. 가격도 저렴하여 합리적인 가격에 신선하고 품질 좋은 회를 맛볼 수 있다. 손님이 시장에서 직접 고른 상품을 식당에서 요리로 즐길 수 있는 맞춤 전문식당 방식도 많은 사랑을 받고 있다. 전국 어디에든 신선한 수산물을 전달하기 위해 특수포장을 한 후에 퀵서비스로 배달하는 방식 또한 도입되어 있어 손님들이 간편하게 집에서도 신선한 바다의 향을 느낄 수 있게 되었다. 꽁치 김밥과 같이 제주에서만 맛볼 수 있는 먹거리들과 다양한 즐길 거리가 가득한 제주 동문수산시장은 공항과 여객선 터미널과 가까원 관광객들이 쉽게 방문할 수 있다.",장애인 주차장 있음_무장애 편의시설,,출입구까지 턱이 없어 휠체어 접근 가능함,,,,주출입구는 턱이 없어 휠체어 접근 가능함,,,,,,,,,,,,,,,,,,,,,
1013246,38,쇼핑,동문재래시장,제주특별자치도 제주시 관덕로14길 20,,63192,,126.5260587646,33.5115624162,6,http://tong.visitkorea.or.kr/cms/resource/38/2678438_image2_1.jpg,http://tong.visitkorea.or.kr/cms/resource/38/2678438_image3_1.jpg,Type3,20100503194230,20250730120051,50,110,SH,SH06,SH060200,,,"동문재래시장은 오랜 역사를  지닌 전통 재래시장으로 제주도를 대표하는 시장 중 하나이다. 동문재래수산시장과  더불어 제주도에서 가장 중요하면서 대규모의 상설 재래시장을 구성하고 있다. 1945년  8월 광복 직후 형성된 것이 시초인데, 이 시장은 당시 제주도의 유일한 상설시장으로  제주도 전체 상업 활동의 근거지가 되었다. 1954년 3월에 발생한 대형 화재로 시장  전체가 잿더미로 변하자 같은 해 11월 현재의 장소로 이전했다. 주요 취급 품목은  야채, 과일, 수산물, 약초, 곡물, 의류 등이 있다. 제주도의 대표 재래시장인 만큼 신선한 해산물이 인기다. 갈치회를 비롯한 다양한 모듬회를 저렴한 값에 구매할 수 있으며, 전복내장밥 삼합이나 통전복이 들어간 떡갈비 등 퓨전음식이 주목받고 있다.",장애인 주차장 있음(6대)_무장애 편의시설,,출입구까지 경사로가 설치되어 있음(완만함),,,대여 가능(1대/고객지원센터),주출입구는 턱이 없어 휠체어 접근 가능함,,장애인 화장실 있음,,,,,동반 가능_시각장애인 편의시설,,,,,,,,,,,대여 가능(1대/고객지원센터),,,장애인 화장실 내 유아용 보호의자 있음
993261,38,쇼핑,서문공설시장,제주특별자치도 제주시 서문로4길 13-2,,63154,,126.5179483634,33.5113734195,6,http://tong.visitkorea.or.kr/cms/resource/49/3477949_image2_1.jpg,http://tong.visitkorea.or.kr/cms/resource/49/3477949_image3_1.jpg,Type3,20100407192728,20250425091938,50,110,SH,SH06,SH060200,"<a href=""https://www.visitjeju.net/kr/detail/view?contentsid=CONT_000000000500733"" target=""_blank"" title=""새창 : 홈페이지로 이동"">https://www.visitjeju.net/</a>",,"서문공설시장은 제주시 서부중심에 위치한 60년의 역사를 가진 전통 재래시장이다. 80여 개의 점포를 갖추고 있으며 축산, 정육 등 육류 소비 특화시장으로 선정되어 제주도내에서 가장 활발한 육류소비가 이루어지고 있다. 시장 내에는 3개의 정육 마트가 자리하고 있다. 원하는 부위의 고기를 저렴하게 구매한 후 정육 식당이 들어선 상가건물을 찾아가면 상차림 비용을 지불하고 구매한 고기를 그 자리에서 맛볼 수 있다. 이 외에도 식품과 건어물, 과일 등 다양한 품목들이 판매되고 있다. 다른 상설시장에 비해 한산한 편이며, 주차 시설이 잘 갖추어져 있는 것이 특징이다.",,,출입구까지 턱이 없어 휠체어 접근 가능함,,,,주출입구는 턱이 없어 휠체어 접근 가능함_무장애 편의시설,,,,,,,동반가능_시각장애인 편의시설,,,,,,,,,,,,,,
2912717,38,쇼핑,쉬즈미스 구제주점,제주특별자치도 제주시 관덕로11길 17 (일도일동),시티오브드림즈 2층,63277,,126.525170802937,33.5146534359302,6,https://tong.visitkorea.or.kr/cms/resource/08/4020408_image2_1.jpg,https://tong.visitkorea.or.kr/cms/resource/08/4020408_image3_1.jpg,Type3,20221031165822,20260319094959,50,110,SH,SH04,SH040300,shesmiss.co.kr,,쉬즈미스는 현대 여성의 지적이고 세련된 아름다움을 강조하는 여성 컨템포러리 브랜드입니다. 미니멀하면서도 고급스러운 실루엣의 제품들을 통해 오피스 룩부터 격식 있는 모임까지 아우르는 완벽한 스타일을 선보입니다.,,,,,,,,,,,,,,,,,,,,,,,,,,,,
143036,32,숙박,스타즈호텔 헤리티지,제주특별자치도 제주시 관덕로 26 (삼도이동),,63168,,126.5219449008,33.5128580444,6,https://tong.visitkorea.or.kr/cms/resource/52/4077852_image2_1.png,https://tong.visitkorea.or.kr/cms/resource/52/4077852_image3_1.png,Type3,20051124090000,20260622171125,50,110,AC,AC01,AC010100,,,"스타즈호텔 헤리티지는 제주 관덕정 앞에 위치한 호텔이다. 기존 로베로 호텔에서 리모델링을 하여 2026년 4월에 스타즈 호텔 헤리티지로 새롭게 개관하였다. 현대적인 깔끔함과 관덕정의 고즈넉한 정취를 동시에 느낄 수 있는 곳이다. 
객실은 싱글룸부터 패밀리룸, 온돌룸까지 다양하게 갖추고 있다. 또한 레스토랑에서는 통창을 통해 맞은편 관덕정을 바라보며 식사를 즐길 수 있으며, 비즈니스 고객이나 소규모 행사를 위한 세미나실도 보유하고 있다.
제주공항에서 차로 10분, 동문시장 도보 5분, 탑동해변광장 도보 15분 거리에 위치해 있어 접근성이 좋다.",장애인 전용 주차구역 있음_무장애 편의시설,,출입구까지 단차가 없어 휠체어 접근 가능함,,,,,엘리베이터 있음,장애인 전용 화장실 있음,,,,,,,,,,,,,,,,,,,
2414812,12,관광지,신산공원,제주특별자치도 제주시 신산로 92-12,,63270,,126.5337915690,33.5052799020,6,http://tong.visitkorea.or.kr/cms/resource/34/3554934_image2_1.jpg,http://tong.visitkorea.or.kr/cms/resource/34/3554934_image3_1.jpg,Type1,20160909235812,20251103175728,50,110,VE,VE03,VE030100,"<a href=""https://www.visitjeju.net/kr/detail/view?contentsid=CNTS_200000000008043#"" target=""_blank"" title=""새창 : 제주 문화관광 사이트로 이동"">http://www.visitjeju.net/</a>",,"신산공원은 제주 시민들이 애용하는 도심 속 공원 중 한 곳이다. 신산공원 중심에는 올림픽 성화의 국내 도착을 기념하는 기념물이 세워져 있어 88 서울올림픽을 상징하는 공원이기도 하다. 또한, 1995년 10월에 광복 50주년 기념으로 제주 문물을 담은 총 1,250점의 95 제주타임캡슐을 매설한 뜻깊은 장소이다. 공원 내에는 제주 4·3 해원 방사탑과 6·25 참전 기념탑 등 역사적으로 의미 있는 다양한 조형물이 자리하고 있다. 신산공원은 넓은 잔디밭과 단풍나무를 비롯하여 예쁜 꽃밭과 나무들이 어우러진 도심 속에 있는 시민들의 휴식 공간이다. 특히, 봄에는 벚꽃들이 흩날려 아름답다. 신산공원에는 게이트볼장, 배드민턴장, 족구장 등의 시설이 있고 아이들을 위한 놀이터도 있어 가족이 함께 모여 즐거운 시간을 보내기 좋은 공간이다. 또한, 신산공원 근처에는 국수문화거리, 삼성혈, 민속자연사박물관 등의 관광명소가 있다.","장애인 전용 주차구역 있음(매표소 앞 1대,총연맹앞 2대,미디어센터 앞 3대)_무장애 편의시설",,출입구까지 단차가 없어 휠체어 접근 가능함(돌길있음),,,,주출입구까지 단차가 없어 휠체어 접근 가능함,,장애인 전용 화장실 있음(공원 내 공중화장실),,,,점자블록 있음(공중화장실 앞)_점자블록 있음,,,,,,,,,,,,,,,
2852695,14,문화시설,예술공간 이아,제주특별자치도 제주시 중앙로14길 21 (삼도이동),,63169,,126.5220988994,33.5111557521,6,https://tong.visitkorea.or.kr/cms/resource/95/3552795_image2_1.jpg,https://tong.visitkorea.or.kr/cms/resource/95/3552795_image3_1.jpg,Type1,20220913173248,20260804131853,50,110,VE,VE12,VE120300,https://www.jfac.kr/,,"예술공간 이아는 예전 제주대학교 병원 건물의 골조를 그대로 살린 채 리모델링하여 만든 복합문화공간으로 1년 내내 다양한 전시가 있어지는 곳이다. 전시장과 연습 공간 운영 및 창의적 문화 예술교육 프로그램 등을 통해 예술창작의 거점을 마련해 도민들의 문화향유 기회를 확대하고, 지역과의 긴밀한 연계를 통해 원도심 활성화에 함께한다.",,,출입구까지 경사로가 설치되어 있음,,,,주출입구는 경사로가 있어 휠체어 접근 가능함(수동문),앨리베이터 있음,,,,,,,,,,점자안내판 있음,,,,,,,,,,
1403482,32,숙박,오션스위츠 제주호텔,제주특별자치도 제주시 탑동해안로 74,,63165,,126.523112864166,33.5183414084125,6,,,,20111014190000,20260224121340,50,110,AC,AC01,AC010100,,,"제주 국제공항과 제주항에서 8분 거리에 위치한 오션스위츠 제주호텔은  제주의 바다와 인접해있다. 현대식으로 신축된 객실을 비롯한 편리한 시설을 갖추고 있으며 품격 높은 서비스를 제공하는 오션스위츠 제주호텔은 제주의 전통문화. 해변공연장을 비롯한 수준 높은 문화시설, 관광과 레저를 손쉽게 이용할 수 있는 편리한 교통의 요지에 위치하고 있다. 오션스위츠 제주호텔은 지상 11층, 지하 2층의 규모로 안락하고 편안한 객실 350개를 보유하고 있으며 객실은 깨끗함과 안락함을 느낄 수 있도록 현대적인 감각에 발맞춰 모던하고 심플하게 꾸며져 있다. 고객을 한 번 더 생각하는 서비스를 통해 편안하게 머무를 수 있도록 모든 편의를 제공하고 있다.",장애인 주차장 있음(5대)_무장애 편의시설,,출입구까지 턱이 없어 휠체어 접근 가능함,,,대여가능,주출입구는 턱이 없어 휠체어 접근 가능함,엘리베이터 있음,장애인 화장실 있음(로비),,장애인 객실 있음(3실),,,,,,,,,,,,,,,,,
127744,12,관광지,제주 삼성혈,제주특별자치도 제주시 삼성로 22,(이도일동),63197,,126.528945979249,33.5041459335279,6,https://tong.visitkorea.or.kr/cms/resource/44/3555444_image2_1.jpg,https://tong.visitkorea.or.kr/cms/resource/44/3555444_image3_1.jpg,Type1,20031121090000,20260323100748,50,110,HS,HS01,HS011200,공식 홈페이지 http://www.samsunghyeol.or.kr국가유산청 https://www.heritage.go.kr/,,"국가지정문화재 사적으로 지정되어 있는 삼성혈은 탐라국 시조에 대한 제의가 이루어지는 장소이다. 태초에 탐라를 창건한 고을나, 양을나, 부을나 삼신이 이곳에서 동시에 태어나 수렵생활을 하다가 소, 말, 오곡의 종자를 가지고 온 벽랑국의 세 공주를 맞이하면서부터 농경생활이 비롯되었으며 탐라왕국으로 발전하였다고 전한다. 특히, 이 세 개의 지혈은 주위가 수백 년 된 고목으로 둘러싸여 있으며 모든 나뭇가지들이 혈을 향하여 경배하듯이 신비한 자태를 취하고 있다. 또한 아무리 비가 많이 오거나 눈이 내려도 일 년 내내 고이거나 쌓이는 일이 없는 성혈로서 이곳을 찾는 방문객들의 놀라움을 자아낸다. 조선 중종 21년(1526) 목사 이수동이 처음 표단과 홍문을 세우고 담장을 쌓아 춘·추봉제를 하기 시작한 이래 역대 목사에 의하여 성역화 사업이 이루어졌고 현재에도 매년 춘·추대제(4월 10일, 10월 10일) 및 건시대제(12월 10일)를 지내고 있다.",장애인 전용 주차구역 있음 (1면),,출입구까지 평지로 되어 있으나 흙(돌) 구간 있음,,,대여가능(2대),"경사로가 설치되어 있음 , 단차가 없고 경사가 매우 완만함",,"장애인용 화장실 있음(2군데, 유아용 보조의자 있음)",,,,,,,,,,,점자 지도 있음 (입구 쪽),,,,,,,,
142972,32,숙박,제주 오리엔탈 호텔,제주특별자치도 제주시 탑동로 47,,63166,,126.519796523382,33.5175858876821,6,https://tong.visitkorea.or.kr/cms/resource/58/3522858_image2_1.jpg,https://tong.visitkorea.or.kr/cms/resource/58/3522858_image3_1.jpg,Type3,20031222090000,20260312132618,50,110,AC,AC01,AC010100,,,"제주시 탑동 해변가에 아늑한 남국의 정취를 맞이하며 서 있는 제주 오리엔탈 호텔은 다양한 객실과 국내외 세미나를 동시에 개최할 수 있는 대연회장과 세 개소의 연회장 시설을 갖추고 있다. 제주 오리엔탈 호텔은 고객들을 위한 장소와 시설을 갖추고 있다. 또한 제주 국제공항과 가까운 거리에 위치하고 있어 편리한 교통을 자랑하며 제주시 중심가에 자리하고 있어 쇼핑은 물론 먹을거리, 즐길 거리 등이 다양하다. 호텔 바로 앞 탑동 해변가를 따라 산책로와 공원이 조성되어 있어 새벽 조깅 및 산책이 가능하고 호텔에서 서쪽으로 10분 정도 거리에 있는 용두암 및 해안 도로와 카페거리는 드라이브 장소와 데이트 코스로 손꼽히고 있다. 호텔 바로 옆으로는 횟집과 토속음식점들이 늘어서 있어 제주의 맛과 멋을 풍기며 미식가들의 환영을 받고 있다. 호텔 내의 부대 시설로는 비즈니스센터, 카지노, 커피숍, 편의점 등이 마련되어 있으며 고객의 취향을 만족시켜 주는 서비스를 통해 편안하고 안락하게 지낼 수 있도록 편의를 제공하고 있다.",장애인 전용 주차구역 있음_무장애 편의시설,,,,,,무단차로 휠체어로 출입가능,있음,1층 로비에 장애인 전용 화장실 있음,,,,,,,,,,,,,,,,유모차 대여 가능함,,,
1014672,38,쇼핑,제주 중앙지하상가,제주특별자치도 제주시 중앙로 60,,63168,,126.5248,33.5129,6,https://tong.visitkorea.or.kr/cms/resource/22/3527922_image2_1.jpg,https://tong.visitkorea.or.kr/cms/resource/22/3527922_image3_1.jpg,Type3,20100505014249,20260318101005,50,110,SH,SH05,SH050200,,,"제주 시내 번화가인 중앙로에는 낡은 시설을 새롭게 보수하여 새롭게 단장한 현대적인 지하아케이드 중앙지하상가가 조성되어 있다. 중앙로를 기점으로 서문로에서 동문로까지 잇는 지하 아케이드는 현재 300여 개의 점포가 들어서 있다. 주로 의류점이 많고 그 외 신발, 액세서리, 안경, 시계, 보석, 가방, 모자 등을 판매하는 상점들이 들어서 있으며 식당, 패스트푸드점 등과 중간, 중간에는 휴게 시설도 마련되어 고객의 쉼터도 자리 잡고 있다. 제주도 유일 지하상가이며 쾌적하고 활발한 쇼핑 명소이다.","장애인 전용 주차구역 있음(지하상가 입구,장애인표지판)_무장애 편의시설",,출입구까지 턱이 없어 휠체어 접근 가능함,,,,,엘리베이터 있음,장애인 전용 화장실 있음,,,,,,,,,,,,,,,,,"수유실 있음(2,3차 상가)",,유아놀이방 있음
129895,14,문화시설,제주 탑동해변공연장,제주특별자치도 제주시 중앙로 2,,63165,,126.5243032176,33.5179061303,6,http://tong.visitkorea.or.kr/cms/resource/44/3411244_image2_1.jpg,http://tong.visitkorea.or.kr/cms/resource/44/3411244_image3_1.jpg,Type3,20071106103436,20251126095749,50,110,VE,VE06,VE060100,"<a href=""https://www.visitjeju.net/u/Eub"" target=""_blank"" title=""새창 : 제주 문화관 홈페이지로 이동"">www.visitjeju.net</a>",,"아름다운 제주 해변 풍광과 함께 시원한 바다 내음을 맡으며 다양한 무대 공연을 관람할 수 있는 야외 공연장이다. 공연장의 구조를 갖춘 최초의 야외 공연장으로서 수준 높은 공연이 가능한 곳이다. 지상 3층의 공연장 건물과 노천 객석 2,500여석 규모로 전국 유일의 바닷가에 인접한 공연장으로 국내 최초의 야외 공연장이다. 주변에 조망할 수 있는 바다와 항구가 있고, 공연장 옆에는 광장이 있어서 다양한 여가 활동을 즐기는 제주 시민을 만날 수 있다.  

(출처 : 제주 문화관광 홈페이지)",장애인 전용 주차구역 있음(2대)_무장애 편의시설,,출입구까지 경사로가 설치되어 있음,,,휠체어 대여 가능,주 출입구는 단차가 없어 휠체어 접근 가능함,,장애인 전용 화장실 있음(공연장 건물 내),,,,,안내견 동반 가능,,,,,,,,,,,,수유실 있음,,
142943,32,숙박,제주 퍼시픽 호텔,제주특별자치도 제주시 서사로 20,,63154,,126.518860657615,33.5106616793836,6,,,,20040428090000,20260213161819,50,110,AC,AC01,AC010100,,,"제주 퍼시픽 호텔은 역사와 전통을 느낄수 있는 구제주의 중심권에 위치하고 있다. 공항과 가까운 거리에 있으며 조선시대에 지방관청인 목관아지와 관덕정, 용두암, 탑동해변가, 오현단, 삼성혈, 민속박물관등 유명관광지와 제주에서 가장 큰 재래시장인 동문시장이 주변에 있어 고객의 제주 관광에 즐거움과 편의를 더해 준다.",장애인 주차장 10칸 있음_무장애 편의시설,,출입구까지 턱이 없어 휠체어 접근 가능함,,,,주출입구는 턱이 없어 휠체어 접근 가능함,엘리베이터 있음,,,,,,,,,,,,,,,,,,,,
128641,12,관광지,제주목 관아,제주특별자치도 제주시 관덕로 25,,63166,,126.5220519585,33.5136724909,6,https://tong.visitkorea.or.kr/cms/resource/65/4074265_image2_1.jpg,https://tong.visitkorea.or.kr/cms/resource/65/4074265_image3_1.jpg,Type1,20051109090000,20260629103431,50,110,HS,HS01,HS010100,www.jeju.go.kr/mokkwana,,"조선시대 제주지방 통치의 중심지였던 제주목 관아[濟州牧 官衙]는 지금의 관덕정을 포함하는 주변 일대에 분포해 있었으며, 이미 탐라국시대부터 성주청 등 주요 관아 시설이 있었던 곳으로 추정되고 있다. 관아 시설은 1434년 관청의 화재로 건물이 모두 불타 없어진 뒤 바로 역사를 시작하여 그다음 해인 1435년에 골격이 이루어졌으며, 조선시대 내내 중. 개축이 이루어졌다. 그러나 제주목 관아는 일제강점기 때 집중적으로 훼철되어 관덕정을 빼고는 그 흔적을 볼 수가 없었다. 제주시에서는 탐라국 이래 조선시대에  이르기까지 제주의 정치·행정·문화의 중심지 역할을 해왔던 제주목 관아를 원래의 양식으로 복구하고자,  1991년부터 1998년까지 4차례 발굴 조사를 마친 결과, 탐라시대부터 조선시대에 이르기까지의 여러 문화층과 함께 문헌상에 나타난 중심 건물인 홍화각[弘化閣], 연희각[延曦閣], 우연당[友蓮堂], 귤림당[橘林堂]등의 건물터와 유구[遺構]가 확인되고 유물[遺物]도 출토되었다. 1993년 3월 30일에 제주목 관아지 일대가 국가 사적으로 지정되었고, 발굴 과정에서 확인된 초단. 기단석 등을 토대로 하고, 『탐라순력도[耽羅巡歷圖]』와 『탐라방영총람[耽羅防營總覽]』 등 당대의 문헌 및 중앙문화재위원·향토사학가·전문가 등의 고증과 자문을 거쳐 관아지 복원 기본 설계를 완료, 2002년 12월에 복원을 완료하였다.",,,출입구까지 경사로가 설치되어 있음,,,대여가능 (1대),주출입구는 경사로가 있어 휠체어 접근 가능함(흙길 구간 있음),,장애인 화장실 있음,,,,,,,,,,,,,,,,,,,
130036,14,문화시설,제주문화원,제주특별자치도 제주시 중앙로 2,해변공연장 2층,63165,,126.524290543023,33.5178748150031,6,https://tong.visitkorea.or.kr/cms/resource/12/3385212_image2_1.jpg,https://tong.visitkorea.or.kr/cms/resource/12/3385212_image3_1.jpg,Type3,20071106103927,20260330153037,50,110,VE,VE09,VE090100,https://jejucc.kr,,"제주문화원은 탑동해변공연장 건물 2층에 위치한 문화원이다. 지역 고유의 문화계발, 연구, 조사 및 향토 문화의 발굴과 보존, 지역주민들에게 문화시민정신을 선양시키는 데 중점을 두고 있으며, 제주문화원은 제주시의 향토 사료 발간, 문화학교와 문화대학, 어르신 문화학교인 교육프로그램을 운영하고 있다. 문화학교에서 운영하는 여가문화 활동을 위한 교육 강좌로는 서예 교실, 민요 교실, 사진 교실, 한문 교실 등이 있으며, 문화대학에서 운영하는 제주의 역사, 자연, 민속, 문화 등 향토사 중심의 교육 강좌는 제주 신화, 제주 올래와 정낭, 제주 향토사 원로 특강 등이 있으며, 이는 변동될 수 있다.",장애인 주차장 있음(1대)_무장애 편의시설,,출입구까지 경사로가 설치되어 있음,,,,주출입구는 경사로가 있어 휠체어 접근 가능함,,장애인 화장실 있음,,,,,,,,,,,,,,,,,,,
1871024,38,쇼핑,제주칠성로상점가,제주특별자치도 제주시 관덕로13길 12 (일도일동),,63277,,126.5261253693,33.5140565855,6,http://tong.visitkorea.or.kr/cms/resource/72/3396972_image2_1.jpg,http://tong.visitkorea.or.kr/cms/resource/72/3396972_image3_1.jpg,Type3,20131213222240,20250324154538,50,110,SH,SH05,SH050200,,,"칠성로는 예로부터 조성된 제주의 전통 상권이며, 쇼핑의 거리이다. 제주의 명동 패션의 1번지로 통하는 이곳의 명칭은 북두칠성에서 유래하여 별모양 조명시설과 물놀이를 즐길수 있는 산지천 음악분수대가 있으며 젊은이들에게 데이트 공간으로도 많은 사랑을 받는 곳이다. 인근에 흑돼지거리와 산지천 동문시장이 있으며  중앙지하상가를 인접하고 있다.",장애인 주차장 있음(칠성골 공영주차장)_무장애 편의시설,,출입구까지 턱이 없어 휠체어 접근 가능함,,,,주출입구는 턱이 없어 휠체어 접근 가능함,,장애인 화장실 있음(칠성로 상점가 고객센터),,,,,동반가능_시각장애인 편의시설,,,,,,,,,,,대여가능(칠성로 상점가 고객센터),수유실 있음(칠성로 상점가 고객센터),,
130745,14,문화시설,제주통일관,제주특별자치도 제주시 삼성로 46 (일도이동),,63270,,126.5306251413,33.5068796745,6,http://tong.visitkorea.or.kr/cms/resource/56/3552956_image2_1.jpg,http://tong.visitkorea.or.kr/cms/resource/56/3552956_image3_1.jpg,Type1,20060228090000,20251023143000,50,110,VE,VE07,VE070300,"<a href=""https://www.visitjeju.net/kr/detail/view?contentsid=CNTS_200000000008047"" target=""_blank"" title=""새창 : 비짓제주 이동"">https://www.visitjeju.net</a>",,"제주시 탐라자유회관 내에 소재해 있는 제주 통일관은 1993년에 개관되어 지상 2층, 지하 1층 건물로 건립되었다. 남북 교류 협력 시대에 대비하여 오늘의 북한 실상을 올바로 이해시키고, 민족 동질성 회복을 위한 실증적인 ‘통일교육장’으로 활용하기 위하여 설치하였다. 남북 관계 개선뿐만 아니라 한반도의 역사를 다시 한번 볼 수 있는 곳이다.",장애인 전용 주차구역 있음(1대)_무장애 편의시설,,출입구까지 경사로가 설치되어 있음,,,,주출입구는 경사로가 있어 휠체어 접근 가능함,,,,,,점자블록 있음(주출입구)_시각장애인 편의시설,보조견동반 가능함,안내요원 있음,,,,,,,,,,,,,
129894,14,문화시설,제주특별자치도 민속자연사박물관,제주특별자치도 제주시 삼성로 40,,63270,,126.5313373721,33.5063901549,6,https://tong.visitkorea.or.kr/cms/resource/80/4084080_image2_1.jpg,https://tong.visitkorea.or.kr/cms/resource/80/4084080_image3_1.jpg,Type3,20060619090000,20260708150143,50,110,VE,VE07,VE070100,http://www.jeju.go.kr/museum,,"민속자연사박물관은 제주의 대표 박물관으로, 화산섬 제주의 형성과정을 비롯해 자연자원과 제주 사람들의 생애, 민속문화를 종합적으로 관람할 수 있는 곳이다. 1984년 5월 24일 개관한 이래 실물 자료와 모형, 마네킹 등을 활용한 입체적인 전시를 통해 제주 문화를 보다 쉽게 이해할 수 있도록 하고 있다. 로비에 설치된 참고래 골격 표본과 제주의 신비로운 실감 영상은 제주가 지닌 가치를 한눈에 보여준다. 제주도 형성사와 다양한 암석, 한라산 식물의 수직분포도, 곤충, 포유류 등 제주의 형성과정과 자연생태를 살펴볼 수 있으며, 제주인의 일생과 생업, 의식주 등을 통해 과거 제주 사람들의 생활 모습도 접할 수 있다.",장애인 주차장 있음(2대)_무장애 편의시설,,출입구까지 경사로가 설치되어 있음,,,"대여가능(매표실, 신분증지참)",주출입구는 경사로가 있어 휠체어 접근 가능함,엘리베이터 있음,장애인 화장실 있음,,,,,,,,,점자안내판 있음,,,,,,,"대여가능(매표실, 신분증지참)","수유실 있음(특별전시실, 제주체험관)",,
2788436,12,관광지,탑동광장,제주특별자치도 제주시 중앙로 1,,63276,,126.5265650000,33.5180700000,6,https://tong.visitkorea.or.kr/cms/resource/07/4073107_image2_1.jpg,https://tong.visitkorea.or.kr/cms/resource/07/4073107_image3_1.jpg,Type1,20211208023959,20260610113755,50,110,VE,VE03,VE030500,https://www.visitjeju.net/,,탑동광장은 탑동해변공연장을 중심으로 길게 조성된 광장 산책로가 있으며 도민이나 관광객이 밤바다를 보며 산책을 하거나 행사가 진행되는 문화공간으로 조성 되어있다. 여름이면 시원한 바닷소리를 들으며 산책을 즐기는 사람들과 버스킹 등 작은 공연이 열리는 모습을 볼 수 있다.,장애인 주차장 있음_무장애 편의시설,,출입구까지 턱이 없어 휠체어 접근 가능함,,,,주출입구는 턱이 없어 휠체어 접근 가능함,,장애인 화장실 있음,,,,,,,,,점자 안내판 있음,,,,,,,,,,
2411625,32,숙박,호텔리젠트마린 제주,제주특별자치도 제주시 서부두2길 20,,63276,,126.526673662979,33.517508229284,6,https://tong.visitkorea.or.kr/cms/resource/75/4065675_image2_1.jpg,https://tong.visitkorea.or.kr/cms/resource/75/4065675_image3_1.jpg,Type3,20160907222404,20260519144309,50,110,AC,AC01,AC010100,,,"제주국제공항에서 차량으로 약 15분 거리에 위치하여 공항 접근성이 뛰어난 호텔이다. 객실에서 제주 북방 바다 또는 탑동 광장을 조망할 수 있는 조망권을 갖춘 곳으로, 호텔 내 야외수영장, 피트니스센터, 세미나실 등 다양한 부대시설을 운영하고 있다. 특히, 야외수영장은 여름 시즌에만 운영하며 투숙객 전용으로 무료 이용 가능하다. 
호텔은 제주 동문재래시장, 탑동 광장, 흑돼지 거리 등 주요 상권 및 관광지와 도보권에 인접해 있어 연계 관광에 용이하다.",장애인 전용 주차구역 있음(2대)_무장애 편의시설,,출입구까지 단차가 없어 휠체어 접근 가능함,,,,,엘리베이터 있음,장애인 전용 화장실 있음,,장애인 전용 객실 있음(2개.더블객실 3층),,,,,,,,,,,,,,,,,
