주차장관리번호,원본_주차장명,원본_도로명,원본_지번,원본_위도,원본_경도,원본_요금정보,match_status,match_step,match_message,match_distance_m,matched_site,matched_site_url,naver_map_url,naver_place_home_url,naver_place_id,naver_name,naver_category,naver_road_address,naver_jibun_address,naver_phone,naver_lat,naver_lng,naver_hours,naver_hours_status,naver_hours_note,naver_hours_days_json,naver_hours_raw,naver_conveniences,naver_toilet,naver_disabled_parking,naver_fees_modu,naver_description,tried_queries,modu_via
406-2-000006,동홍1공영주차빌딩,,제주특별자치도 서귀포시 동홍동 395-2,33.25040465,126.5688552,혼합,success,2_address_match,주소일치(exact_or_contains) query=동홍1공영주차빌딩,17.1,naver_place,https://map.naver.com/p/entry/place/4243557385,https://map.naver.com/p/entry/place/4243557385,https://pcmap.place.naver.com/place/4243557385/home,4243557385,동홍1공영주차빌딩,공영주차장,제주 서귀포시 중동로 69-3,제주 서귀포시 동홍동 395-2,,33.2503522,126.5690277,유료 09:00에 영업 시작,영업 전,무료 - 토.일.공휴일 무료,"{""목"": {""paid"": ""09:00 - 18:00"", ""free"": ""18:00 - 다음 날 09:00""}, ""금"": {""paid"": ""09:00 - 18:00"", ""free"": ""18:00 - 다음 날 09:00""}, ""토"": {""paid"": ""정보없음"", ""free"": ""18:00 - 다음 날 09:00""}, ""일"": {""paid"": ""정보없음"", ""free"": ""정보없음""}, ""월"": {""paid"": ""09:00 - 18:00"", ""free"": ""정보없음""}, ""화"": {""paid"": ""09:00 - 18:00"", ""free"": ""18:00 - 다음 날 09:00""}, ""수"": {""paid"": ""09:00 - 18:00"", ""free"": ""18:00 - 다음 날 09:00""}}",영업 전 | 유료 09:00에 영업 시작 | 목 | 유료	09:00 - 18:00 | 무료	18:00 - 다음 날 09:00 | 금 | 유료	09:00 - 18:00 | 무료	18:00 - 다음 날 09:00 | 토 | 유료	정보없음 | 무료	18:00 - 다음 날 09:00 | 일 | 유료	정보없음 | 무료	정보없음 | 월 | 유료	09:00 - 18:00 | 무료	정보없음 | 화 | 유료	09:00 - 18:00 | 무료	18:00 - 다음 날 09:00 | 수 | 유료	09:00 - 18:00 | 무료	18:00 - 다음 날 09:00	 | 접기 | 무료 - 토.일.공휴일 무료 | 접기,,,,,,동홍1공영주차빌딩,
406-2-000014,매일올레시장 공영주차빌딩,제주특별자치도 서귀포시 중앙로62번길 20 (서귀동),제주특별자치도 서귀포시 서귀동 277-1,33.2503908,126.5635907,유료,success,2_address_match,주소일치(exact_or_contains) query=매일올레시장 공영주차장,40.2,naver_place,https://map.naver.com/p/entry/place/17043242,https://map.naver.com/p/entry/place/17043242,https://pcmap.place.naver.com/place/17043242/home,17043242,서귀포매일올레시장공영주차장,공영주차장,제주 서귀포시 중앙로62번길 18,제주 서귀포시 서귀동 277-1,064-762-2558,33.2502035,126.5632211,24시간 영업,24시간 영업,,"{""목"": {""paid"": """", ""free"": """"}, ""금"": {""paid"": """", ""free"": """"}, ""토"": {""paid"": """", ""free"": """"}, ""일"": {""paid"": """", ""free"": """"}, ""월"": {""paid"": """", ""free"": """"}, ""화"": {""paid"": """", ""free"": """"}, ""수"": {""paid"": """", ""free"": """"}}",24시간 영업 | 목 | 00:00 - 24:00 | 금 | 00:00 - 24:00 | 토 | 00:00 - 24:00 | 일 | 00:00 - 24:00 | 월 | 00:00 - 24:00 | 화 | 00:00 - 24:00 | 수 | 00:00 - 24:00 | 접기,주차,,,120분=3500; 240분=7500; 30분=0; 60분=1500,,매일올레시장 공영주차빌딩 | 매일올레시장 공영주차빌딩 주차장 | 서귀포 매일올레시장 공영주차빌딩 | 서귀포 매일올레시장 공영주차빌딩 주차장 | 매일올레시장 공영주차장,naver_place_ParkingmoduPrice
406-2-000010,천지연 공영주차장,,제주특별자치도 서귀포시 서홍동 684,33.24390527,126.5605745,무료,success,2_address_match,주소일치(exact_or_contains) query=천지연 공영주차장,6.8,naver_place,https://map.naver.com/p/entry/place/1907760250,https://map.naver.com/p/entry/place/1907760250,https://pcmap.place.naver.com/place/1907760250/home,1907760250,천지연공영주차장,공영주차장,제주 서귀포시,제주 서귀포시 서홍동 684,,33.2438468,126.5605545,정보 수정,정보 수정,,{},정보 수정,,,,,,천지연 공영주차장,
406-2-000085,남원 비안동 공영주차장,,제주특별자치도 서귀포시 남원읍 남원리 180,33.280062,126.7183421,혼합,success,2_address_match,주소일치(exact_or_contains) query=남원 비안동 공영주차장,8.0,naver_place,https://map.naver.com/p/entry/place/1080951614,https://map.naver.com/p/entry/place/1080951614,https://pcmap.place.naver.com/place/1080951614/home,1080951614,남원비안동공영주차장,공영주차장,,제주 서귀포시 남원읍 남원리 180,,33.2800289,126.7184181,정보 수정,정보 수정,,{},정보 수정,,,,,,남원 비안동 공영주차장,
406-2-000102,대정상모 공영노외1주차장,,제주특별자치도 서귀포시 대정읍 상모리 3964-1,33.22324159,126.2563765,혼합,success,2_address_match,주소일치(exact_or_contains) query=대정상모 공영노외1주차장,1.2,naver_place,https://map.naver.com/p/entry/place/4158892956,https://map.naver.com/p/entry/place/4158892956,https://pcmap.place.naver.com/place/4158892956/home,4158892956,대정 상모 노외1 공영주차장,공영주차장,제주 서귀포시 대정읍 상모로 306-1,제주 서귀포시 대정읍 상모리 3964-1,,33.2232313,126.256375,정보 수정,정보 수정,,{},정보 수정,,,,,,대정상모 공영노외1주차장,
406-2-000016,대정하모 공영노외2주차장,,제주특별자치도 서귀포시 대정읍 하모리 964-2,33.223027,126.252066,혼합,success,2_address_match,주소일치(exact_or_contains) query=대정하모 공영노외2주차장,4.1,naver_place,https://map.naver.com/p/entry/place/1341965302,https://map.naver.com/p/entry/place/1341965302,https://pcmap.place.naver.com/place/1341965302/home,1341965302,대정하모 공영노외2주차장,주차장,,제주 서귀포시 대정읍 하모리 964-2,1588-5783,33.2230402,126.2520243,영업 전,영업 전,,{},영업 전 | 09:00에 영업 시작 | 9시 0분에 영업 시작 | 매일 | 09:00 - 18:00 | 접기,,,,,,대정하모 공영노외2주차장,
406-2-000020,대정하모 공영노외3주차장,,제주특별자치도 서귀포시 대정읍 하모리 1512-1,33.223864,126.2524395,혼합,success,4_coord_close_auto,좌표 12m ≤ 80m,11.6,naver_place,https://map.naver.com/p/entry/place/102760274,https://map.naver.com/p/entry/place/102760274,https://pcmap.place.naver.com/place/102760274/home,102760274,대정하모공영노외3주차장,공영주차장,,제주 서귀포시 대정읍 하모리 1513,1588-5783,33.2239682,126.252449,영업 전,영업 전,,{},영업 전 | 09:00에 영업 시작 | 9시 0분에 영업 시작 | 매일 | 09:00 - 18:00 | 접기,,,,,,대정하모 공영노외3주차장 | 서귀포 대정하모 공영노외3주차장 | 서귀포 대정하모 공영노외3주차장 주차장 | 서귀포 대정읍 하모리 1512-1 주차장 | 대정읍 하모리 1512-1 주차장,
406-2-000090,대정하모 공영노외4주차장,,제주특별자치도 서귀포시 대정읍 하모리 861,33.223353,126.2538151,혼합,success,2_address_match,주소일치(exact_or_contains) query=대정하모 공영노외4주차장,14.4,naver_place,https://map.naver.com/p/entry/place/1059316960,https://map.naver.com/p/entry/place/1059316960,https://pcmap.place.naver.com/place/1059316960/home,1059316960,대정하모노외4공영주차장,공영주차장,,제주 서귀포시 대정읍 하모리 861,064-760-3105,33.22342,126.2539476,영업 전,영업 전,,"{""목"": {""paid"": """", ""free"": """"}, ""금"": {""paid"": """", ""free"": """"}, ""토"": {""paid"": """", ""free"": """"}, ""일"": {""paid"": """", ""free"": """"}, ""월"": {""paid"": """", ""free"": """"}, ""화"": {""paid"": """", ""free"": """"}, ""수"": {""paid"": """", ""free"": """"}}",영업 전 | 09:00에 영업 시작 | 9시 0분에 영업 시작 | 목 | 09:00 - 18:00 | 금 | 09:00 - 18:00 | 토 | 정기휴무 (매주 토요일) | 일 | 정기휴무 (매주 일요일) | 월 | 09:00 - 18:00 | 화 | 09:00 - 18:00 | 수 | 09:00 - 18:00 | 09/24-09/26 추석 연휴 휴무 | 접기,,,,,,대정하모 공영노외4주차장,
406-2-000106,대평공영주차장,,제주특별자치도 서귀포시 안덕면 창천리 930-5,33.2384865,126.365727,혼합,success,2_address_match,주소일치(exact_or_contains) query=서귀포 대평공영주차장,4.5,naver_place,https://map.naver.com/p/entry/place/4005194890,https://map.naver.com/p/entry/place/4005194890,https://pcmap.place.naver.com/place/4005194890/home,4005194890,안덕대평공영주차장,공영주차장,,제주 서귀포시 안덕면 창천리 930-5,,33.2384757,126.3656801,정보 수정,정보 수정,,{},정보 수정,,,,,,대평공영주차장 | 서귀포 대평공영주차장,
406-2-000040,동광육거리 공영주차장,,제주특별자치도 서귀포시 안덕면 동광리 827,33.310947,126.3416552,혼합,success,2_address_match,주소일치(exact_or_contains) query=동광육거리 공영주차장,5.5,naver_place,https://map.naver.com/p/entry/place/984818184,https://map.naver.com/p/entry/place/984818184,https://pcmap.place.naver.com/place/984818184/home,984818184,동광육거리 공영주차장,공영주차장,,제주 서귀포시 안덕면 동광리 827,,33.31096,126.3415982,유료 09:00에 영업 시작,영업 전,,"{""목"": {""paid"": ""09:00 - 18:00"", ""free"": ""18:00 - 다음 날 09:00""}, ""금"": {""paid"": ""09:00 - 18:00"", ""free"": ""18:00 - 다음 날 09:00""}, ""토"": {""paid"": ""정보없음"", ""free"": ""18:00 - 다음 날 09:00""}, ""일"": {""paid"": ""정보없음"", ""free"": ""정보없음""}, ""월"": {""paid"": ""09:00 - 18:00"", ""free"": ""정보없음""}, ""화"": {""paid"": ""09:00 - 18:00"", ""free"": ""18:00 - 다음 날 09:00""}, ""수"": {""paid"": ""09:00 - 18:00"", ""free"": ""18:00 - 다음 날 09:00""}}",영업 전 | 유료 09:00에 영업 시작 | 목 | 유료	09:00 - 18:00 | 무료	18:00 - 다음 날 09:00 | 금 | 유료	09:00 - 18:00 | 무료	18:00 - 다음 날 09:00 | 토 | 유료	정보없음 | 무료	18:00 - 다음 날 09:00 | 일 | 유료	정보없음 | 무료	정보없음 | 월 | 유료	09:00 - 18:00 | 무료	정보없음 | 화 | 유료	09:00 - 18:00 | 무료	18:00 - 다음 날 09:00 | 수 | 유료	09:00 - 18:00 | 무료	18:00 - 다음 날 09:00	 | 접기,주차,,,,,동광육거리 공영주차장,
